-- TikTrack Phoenix Database Backup
-- Created: 2026-02-12 22:29:07
-- Database: TikTrack-phoenix-db
-- Host: localhost:5432
-- User: TikTrackDbAdmin

-- ============================================
-- SCHEMA DEFINITIONS
-- ============================================


-- Table: market_data.data_refresh_logs
-- Error getting table definition: unsupported operand type(s) for +: 'NoneType' and 'str'


-- Table: market_data.exchanges
-- Error getting table definition: unsupported operand type(s) for +: 'NoneType' and 'str'


-- Table: market_data.external_data_providers
-- Error getting table definition: unsupported operand type(s) for +: 'NoneType' and 'str'


-- Table: market_data.industries
-- Error getting table definition: unsupported operand type(s) for +: 'NoneType' and 'str'


-- Table: market_data.market_cap_groups
-- Error getting table definition: unsupported operand type(s) for +: 'NoneType' and 'str'


-- Table: market_data.sectors
-- Error getting table definition: unsupported operand type(s) for +: 'NoneType' and 'str'


-- Table: market_data.system_trading_calendar
-- Error getting table definition: unsupported operand type(s) for +: 'NoneType' and 'str'


-- Table: market_data.ticker_prices
CREATE TABLE IF NOT EXISTS market_data.ticker_prices (id uuid NOT NULL DEFAULT gen_random_uuid(), ticker_id uuid NOT NULL, provider_id uuid, price numeric(20,8) NOT NULL, open_price numeric(20,8), high_price numeric(20,8), low_price numeric(20,8), close_price numeric(20,8), volume bigint(64,0), price_timestamp timestamp with time zone NOT NULL, fetched_at timestamp with time zone NOT NULL DEFAULT now(), is_stale boolean NOT NULL DEFAULT false, created_at timestamp with time zone NOT NULL DEFAULT now());


-- Table: market_data.tickers
CREATE TABLE IF NOT EXISTS market_data.tickers (id uuid NOT NULL DEFAULT gen_random_uuid(), symbol character varying(20) NOT NULL, exchange_id uuid, company_name character varying(255), ticker_type ticker_type NOT NULL DEFAULT 'STOCK'::market_data.ticker_type, sector_id uuid, industry_id uuid, market_cap_group_id uuid, cusip character varying(9), isin character varying(12), figi character varying(12), is_active boolean NOT NULL DEFAULT true, delisted_date date, created_at timestamp with time zone NOT NULL DEFAULT now(), updated_at timestamp with time zone NOT NULL DEFAULT now(), deleted_at timestamp with time zone, metadata jsonb DEFAULT '{}'::jsonb);


-- Table: user_data.brokers_fees
CREATE TABLE IF NOT EXISTS user_data.brokers_fees (id uuid NOT NULL DEFAULT gen_random_uuid(), user_id uuid NOT NULL, commission_type commission_type NOT NULL, minimum numeric(20,8) NOT NULL DEFAULT 0, created_at timestamp with time zone NOT NULL DEFAULT now(), updated_at timestamp with time zone NOT NULL DEFAULT now(), deleted_at timestamp with time zone, is_test_data boolean NOT NULL DEFAULT false, commission_value numeric(20,6) NOT NULL, trading_account_id uuid NOT NULL);


-- Table: user_data.cash_flows
CREATE TABLE IF NOT EXISTS user_data.cash_flows (id uuid NOT NULL DEFAULT gen_random_uuid(), user_id uuid NOT NULL, trading_account_id uuid NOT NULL, flow_type character varying(20) NOT NULL, amount numeric(20,6) NOT NULL, currency character varying(3) NOT NULL DEFAULT 'USD'::character varying, description text, transaction_date date NOT NULL, external_reference character varying(100), created_by uuid NOT NULL, updated_by uuid NOT NULL, created_at timestamp with time zone NOT NULL DEFAULT now(), updated_at timestamp with time zone NOT NULL DEFAULT now(), deleted_at timestamp with time zone, metadata jsonb DEFAULT '{}'::jsonb, is_test_data boolean NOT NULL DEFAULT false);


-- Table: user_data.notes
CREATE TABLE IF NOT EXISTS user_data.notes (id uuid NOT NULL DEFAULT gen_random_uuid(), user_id uuid NOT NULL, parent_type character varying(50) NOT NULL, parent_id uuid, title character varying(200), content text NOT NULL, category note_category NOT NULL DEFAULT 'GENERAL'::user_data.note_category, is_pinned boolean NOT NULL DEFAULT false, created_by uuid NOT NULL, updated_by uuid NOT NULL, created_at timestamp with time zone NOT NULL DEFAULT now(), updated_at timestamp with time zone NOT NULL DEFAULT now(), deleted_at timestamp with time zone, metadata jsonb DEFAULT '{}'::jsonb, tags ARRAY);


-- Table: user_data.password_reset_requests
CREATE TABLE IF NOT EXISTS user_data.password_reset_requests (id uuid NOT NULL DEFAULT gen_random_uuid(), user_id uuid NOT NULL, method reset_method NOT NULL, sent_to character varying(255) NOT NULL, reset_token character varying(64) NOT NULL, token_expires_at timestamp with time zone NOT NULL, verification_code character varying(6), code_expires_at timestamp with time zone, attempts_count integer(32,0) DEFAULT 0, max_attempts integer(32,0) DEFAULT 3, status character varying(20) NOT NULL DEFAULT 'PENDING'::character varying, used_at timestamp with time zone, used_from_ip character varying(45), created_at timestamp with time zone NOT NULL DEFAULT now());


-- Table: user_data.revoked_tokens
CREATE TABLE IF NOT EXISTS user_data.revoked_tokens (jti character varying(255) NOT NULL, expires_at timestamp with time zone NOT NULL, revoked_at timestamp with time zone NOT NULL DEFAULT now());


-- Table: user_data.trades
CREATE TABLE IF NOT EXISTS user_data.trades (id uuid NOT NULL DEFAULT gen_random_uuid(), user_id uuid NOT NULL, ticker_id uuid NOT NULL, trading_account_id uuid NOT NULL, parent_trade_id uuid, strategy_id uuid, origin_plan_id uuid, trigger_alert_id uuid, direction trade_direction NOT NULL, quantity numeric(20,8) NOT NULL, avg_entry_price numeric(20,8), avg_exit_price numeric(20,8), stop_loss numeric(20,8), take_profit numeric(20,8), realized_pl numeric(20,6) DEFAULT 0, unrealized_pl numeric(20,6) DEFAULT 0, total_pl numeric(20,6), commission numeric(20,6) DEFAULT 0, fees numeric(20,6) DEFAULT 0, status trade_status NOT NULL DEFAULT 'DRAFT'::user_data.trade_status, calculated_status calculated_trade_status, entry_date timestamp with time zone, exit_date timestamp with time zone, created_by uuid NOT NULL, updated_by uuid NOT NULL, created_at timestamp with time zone NOT NULL DEFAULT now(), updated_at timestamp with time zone NOT NULL DEFAULT now(), deleted_at timestamp with time zone, version integer(32,0) NOT NULL DEFAULT 1, metadata jsonb DEFAULT '{}'::jsonb, tags ARRAY);


-- Table: user_data.trading_accounts
CREATE TABLE IF NOT EXISTS user_data.trading_accounts (id uuid NOT NULL DEFAULT gen_random_uuid(), user_id uuid NOT NULL, account_name character varying(100) NOT NULL, broker character varying(100), account_number character varying(50), external_account_id character varying(100), last_sync_at timestamp with time zone, initial_balance numeric(20,6) NOT NULL, cash_balance numeric(20,6) NOT NULL DEFAULT 0, total_deposits numeric(20,6) NOT NULL DEFAULT 0, total_withdrawals numeric(20,6) NOT NULL DEFAULT 0, currency character varying(3) NOT NULL DEFAULT 'USD'::character varying, is_active boolean NOT NULL DEFAULT true, created_by uuid NOT NULL, updated_by uuid NOT NULL, created_at timestamp with time zone NOT NULL DEFAULT now(), updated_at timestamp with time zone NOT NULL DEFAULT now(), deleted_at timestamp with time zone, version integer(32,0) NOT NULL DEFAULT 1, metadata jsonb DEFAULT '{}'::jsonb, is_test_data boolean NOT NULL DEFAULT false);


-- Table: user_data.user_api_keys
CREATE TABLE IF NOT EXISTS user_data.user_api_keys (id uuid NOT NULL DEFAULT gen_random_uuid(), user_id uuid NOT NULL, provider api_provider NOT NULL, provider_label character varying(100), api_key_encrypted text NOT NULL, api_secret_encrypted text, additional_config jsonb DEFAULT '{}'::jsonb, is_active boolean NOT NULL DEFAULT true, is_verified boolean NOT NULL DEFAULT false, last_verified_at timestamp with time zone, verification_error text, rate_limit_per_minute integer(32,0), rate_limit_per_day integer(32,0), quota_used_today integer(32,0) DEFAULT 0, quota_reset_at timestamp with time zone, created_by uuid NOT NULL, updated_by uuid NOT NULL, created_at timestamp with time zone NOT NULL DEFAULT now(), updated_at timestamp with time zone NOT NULL DEFAULT now(), deleted_at timestamp with time zone, version integer(32,0) NOT NULL DEFAULT 1, metadata jsonb DEFAULT '{}'::jsonb);


-- Table: user_data.user_refresh_tokens
CREATE TABLE IF NOT EXISTS user_data.user_refresh_tokens (id uuid NOT NULL DEFAULT gen_random_uuid(), user_id uuid NOT NULL, token_hash character varying(255) NOT NULL, jti character varying(255) NOT NULL, expires_at timestamp with time zone NOT NULL, revoked_at timestamp with time zone, created_at timestamp with time zone NOT NULL DEFAULT now());


-- Table: user_data.users
CREATE TABLE IF NOT EXISTS user_data.users (id uuid NOT NULL DEFAULT gen_random_uuid(), username character varying(50) NOT NULL, email character varying(255) NOT NULL, password_hash character varying(255) NOT NULL, phone_number character varying(20), phone_verified boolean NOT NULL DEFAULT false, phone_verified_at timestamp with time zone, first_name character varying(100), last_name character varying(100), display_name character varying(100), role user_role NOT NULL DEFAULT 'USER'::user_data.user_role, timezone character varying(50) NOT NULL DEFAULT 'UTC'::character varying, language character varying(5) NOT NULL DEFAULT 'en'::character varying, is_active boolean NOT NULL DEFAULT true, is_email_verified boolean NOT NULL DEFAULT false, email_verified_at timestamp with time zone, last_login_at timestamp with time zone, last_login_ip character varying(45), failed_login_attempts integer(32,0) DEFAULT 0, locked_until timestamp with time zone, created_at timestamp with time zone NOT NULL DEFAULT now(), updated_at timestamp with time zone NOT NULL DEFAULT now(), deleted_at timestamp with time zone, metadata jsonb DEFAULT '{}'::jsonb);


-- ============================================
-- DATA
-- ============================================


-- Data for market_data.data_refresh_logs
-- Error backing up data: permission denied for table data_refresh_logs

-- Skipping table market_data.data_refresh_logs


-- Data for market_data.exchanges
-- Error backing up data: permission denied for table exchanges

-- Skipping table market_data.exchanges


-- Data for market_data.external_data_providers
-- Error backing up data: permission denied for table external_data_providers

-- Skipping table market_data.external_data_providers


-- Data for market_data.industries
-- Error backing up data: permission denied for table industries

-- Skipping table market_data.industries


-- Data for market_data.market_cap_groups
-- Error backing up data: permission denied for table market_cap_groups

-- Skipping table market_data.market_cap_groups


-- Data for market_data.sectors
-- Error backing up data: permission denied for table sectors

-- Skipping table market_data.sectors


-- Data for market_data.system_trading_calendar
-- Error backing up data: permission denied for table system_trading_calendar

-- Skipping table market_data.system_trading_calendar


-- Data for market_data.ticker_prices
-- Rows: 0

-- Data for market_data.tickers
-- Rows: 0

-- Data for user_data.brokers_fees
-- Rows: 7
COPY user_data.brokers_fees (id, user_id, commission_type, minimum, created_at, updated_at, deleted_at, is_test_data, commission_value, trading_account_id) FROM stdin;
054ae6cf-31b6-4871-852e-dd2a2f45788b	83f8ae69-6f7e-4eab-ac9f-fb2e4bc3ed29	TIERED	0E-8	2026-02-10 07:58:45.588861+00:00	2026-02-12 15:51:35.752822+00:00	\N	True	0.005000	75aeea4d-6b17-4a68-8694-07f5a4068b9b
515eec06-9c39-4f3c-a590-744a50f96e7a	83f8ae69-6f7e-4eab-ac9f-fb2e4bc3ed29	FLAT	1.00000000	2026-02-10 07:58:45.588861+00:00	2026-02-12 15:51:35.752822+00:00	\N	True	1.000000	688901ba-bb52-432a-8204-57429a17241a
f0adbe2d-2e29-4b86-8969-a8a0d5832dc5	83f8ae69-6f7e-4eab-ac9f-fb2e4bc3ed29	TIERED	0E-8	2026-02-10 07:58:45.588861+00:00	2026-02-12 15:51:35.752822+00:00	\N	True	0.005000	e48aeabb-435b-4535-9454-06fc15f22453
05ec261b-a642-47b5-8d74-b6a3a7d65563	a1ae2cec-e781-48f1-8d71-eb82571efaff	TIERED	0.50000000	2026-02-12 20:24:20.311803+00:00	2026-02-12 20:24:20.311803+00:00	\N	False	0.005000	4d1f7e17-61a3-44da-98c6-6b13518b511b
f5303e7d-a1d3-4d96-97fa-e8292fa03733	a1ae2cec-e781-48f1-8d71-eb82571efaff	FLAT	1.00000000	2026-02-12 20:24:20.311803+00:00	2026-02-12 20:24:20.311803+00:00	\N	False	1.000000	4906dadc-a616-4d94-95cf-aee24a984d6e
c184550f-d856-4270-a34d-062cf8e1445f	83f8ae69-6f7e-4eab-ac9f-fb2e4bc3ed29	TIERED	0.50000000	2026-02-12 20:26:51.608472+00:00	2026-02-12 20:26:51.608472+00:00	\N	False	0.005000	82efa104-073f-4333-81d7-701637b7b7d8
9d20e29f-df4a-4550-8eab-49c69fdff803	83f8ae69-6f7e-4eab-ac9f-fb2e4bc3ed29	FLAT	1.00000000	2026-02-12 20:26:51.608472+00:00	2026-02-12 20:26:51.608472+00:00	\N	False	1.000000	10e0f4b5-edbd-4f99-9b15-6dccf14db06e
\.


-- Data for user_data.cash_flows
-- Rows: 20
COPY user_data.cash_flows (id, user_id, trading_account_id, flow_type, amount, currency, description, transaction_date, external_reference, created_by, updated_by, created_at, updated_at, deleted_at, metadata, is_test_data) FROM stdin;
07a588ba-12e9-4eb4-ac42-5f848d1fda03	83f8ae69-6f7e-4eab-ac9f-fb2e4bc3ed29	75aeea4d-6b17-4a68-8694-07f5a4068b9b	DEPOSIT	100.000000	USD	Test DEPOSIT 1	2026-02-10	\N	83f8ae69-6f7e-4eab-ac9f-fb2e4bc3ed29	83f8ae69-6f7e-4eab-ac9f-fb2e4bc3ed29	2026-02-10 07:58:45.601936+00:00	2026-02-10 07:58:45.601936+00:00	\N	{}	True
88e47b2a-a994-4e0e-9247-d46af5e326eb	83f8ae69-6f7e-4eab-ac9f-fb2e4bc3ed29	688901ba-bb52-432a-8204-57429a17241a	WITHDRAWAL	-15.000000	USD	Test WITHDRAWAL 2	2026-02-09	\N	83f8ae69-6f7e-4eab-ac9f-fb2e4bc3ed29	83f8ae69-6f7e-4eab-ac9f-fb2e4bc3ed29	2026-02-10 07:58:45.601936+00:00	2026-02-10 07:58:45.601936+00:00	\N	{}	True
83fa94a1-5a30-4317-9855-0fdc4ef9bb12	83f8ae69-6f7e-4eab-ac9f-fb2e4bc3ed29	e48aeabb-435b-4535-9454-06fc15f22453	DIVIDEND	200.000000	USD	Test DIVIDEND 3	2026-02-08	\N	83f8ae69-6f7e-4eab-ac9f-fb2e4bc3ed29	83f8ae69-6f7e-4eab-ac9f-fb2e4bc3ed29	2026-02-10 07:58:45.601936+00:00	2026-02-10 07:58:45.601936+00:00	\N	{}	True
0a897bfa-31a2-40d1-8933-270cc53a2b26	83f8ae69-6f7e-4eab-ac9f-fb2e4bc3ed29	75aeea4d-6b17-4a68-8694-07f5a4068b9b	INTEREST	250.000000	USD	Test INTEREST 4	2026-02-07	\N	83f8ae69-6f7e-4eab-ac9f-fb2e4bc3ed29	83f8ae69-6f7e-4eab-ac9f-fb2e4bc3ed29	2026-02-10 07:58:45.601936+00:00	2026-02-10 07:58:45.601936+00:00	\N	{}	True
adc7e7f1-680e-4e3c-952e-db02646d6308	83f8ae69-6f7e-4eab-ac9f-fb2e4bc3ed29	688901ba-bb52-432a-8204-57429a17241a	FEE	-30.000000	USD	Test FEE 5	2026-02-06	\N	83f8ae69-6f7e-4eab-ac9f-fb2e4bc3ed29	83f8ae69-6f7e-4eab-ac9f-fb2e4bc3ed29	2026-02-10 07:58:45.601936+00:00	2026-02-10 07:58:45.601936+00:00	\N	{}	True
0d2bb4fb-5d13-49f2-a4e8-443a0c2462da	83f8ae69-6f7e-4eab-ac9f-fb2e4bc3ed29	e48aeabb-435b-4535-9454-06fc15f22453	DEPOSIT	350.000000	USD	Test DEPOSIT 6	2026-02-05	\N	83f8ae69-6f7e-4eab-ac9f-fb2e4bc3ed29	83f8ae69-6f7e-4eab-ac9f-fb2e4bc3ed29	2026-02-10 07:58:45.601936+00:00	2026-02-10 07:58:45.601936+00:00	\N	{}	True
8d524e50-36f5-4fb6-8204-8692dde23f61	83f8ae69-6f7e-4eab-ac9f-fb2e4bc3ed29	75aeea4d-6b17-4a68-8694-07f5a4068b9b	WITHDRAWAL	-40.000000	USD	Test WITHDRAWAL 7	2026-02-04	\N	83f8ae69-6f7e-4eab-ac9f-fb2e4bc3ed29	83f8ae69-6f7e-4eab-ac9f-fb2e4bc3ed29	2026-02-10 07:58:45.601936+00:00	2026-02-10 07:58:45.601936+00:00	\N	{}	True
a2b396fc-f7fe-4455-8917-2180e3be684a	83f8ae69-6f7e-4eab-ac9f-fb2e4bc3ed29	688901ba-bb52-432a-8204-57429a17241a	DIVIDEND	450.000000	USD	Test DIVIDEND 8	2026-02-03	\N	83f8ae69-6f7e-4eab-ac9f-fb2e4bc3ed29	83f8ae69-6f7e-4eab-ac9f-fb2e4bc3ed29	2026-02-10 07:58:45.601936+00:00	2026-02-10 07:58:45.601936+00:00	\N	{}	True
0cf5494a-db1b-4de7-a02b-299c8033ac4e	83f8ae69-6f7e-4eab-ac9f-fb2e4bc3ed29	e48aeabb-435b-4535-9454-06fc15f22453	INTEREST	500.000000	USD	Test INTEREST 9	2026-02-02	\N	83f8ae69-6f7e-4eab-ac9f-fb2e4bc3ed29	83f8ae69-6f7e-4eab-ac9f-fb2e4bc3ed29	2026-02-10 07:58:45.601936+00:00	2026-02-10 07:58:45.601936+00:00	\N	{}	True
3f780bee-13a8-4d96-990f-a77dd03d08b3	83f8ae69-6f7e-4eab-ac9f-fb2e4bc3ed29	75aeea4d-6b17-4a68-8694-07f5a4068b9b	FEE	-55.000000	USD	Test FEE 10	2026-02-01	\N	83f8ae69-6f7e-4eab-ac9f-fb2e4bc3ed29	83f8ae69-6f7e-4eab-ac9f-fb2e4bc3ed29	2026-02-10 07:58:45.601936+00:00	2026-02-10 07:58:45.601936+00:00	\N	{}	True
f6445279-86d7-4daf-8a6e-2627ccee8ceb	83f8ae69-6f7e-4eab-ac9f-fb2e4bc3ed29	82efa104-073f-4333-81d7-701637b7b7d8	DEPOSIT	1000.000000	USD	הפקדה ראשונית	2026-02-12	\N	83f8ae69-6f7e-4eab-ac9f-fb2e4bc3ed29	83f8ae69-6f7e-4eab-ac9f-fb2e4bc3ed29	2026-02-12 20:26:51.619532+00:00	2026-02-12 20:26:51.619532+00:00	\N	{}	False
4749ca66-ed6c-43dc-9cca-654abaa51ff4	83f8ae69-6f7e-4eab-ac9f-fb2e4bc3ed29	82efa104-073f-4333-81d7-701637b7b7d8	WITHDRAWAL	-200.000000	USD	משיכה	2026-02-11	\N	83f8ae69-6f7e-4eab-ac9f-fb2e4bc3ed29	83f8ae69-6f7e-4eab-ac9f-fb2e4bc3ed29	2026-02-12 20:26:51.619532+00:00	2026-02-12 20:26:51.619532+00:00	\N	{}	False
4505a14d-6a1b-4c14-8cc4-8b62da1342bb	83f8ae69-6f7e-4eab-ac9f-fb2e4bc3ed29	82efa104-073f-4333-81d7-701637b7b7d8	DIVIDEND	50.000000	USD	דיבידנד	2026-02-10	\N	83f8ae69-6f7e-4eab-ac9f-fb2e4bc3ed29	83f8ae69-6f7e-4eab-ac9f-fb2e4bc3ed29	2026-02-12 20:26:51.619532+00:00	2026-02-12 20:26:51.619532+00:00	\N	{}	False
e00d86a2-fb12-4635-8832-f1da440ed874	83f8ae69-6f7e-4eab-ac9f-fb2e4bc3ed29	82efa104-073f-4333-81d7-701637b7b7d8	INTEREST	2.500000	USD	ריבית	2026-02-09	\N	83f8ae69-6f7e-4eab-ac9f-fb2e4bc3ed29	83f8ae69-6f7e-4eab-ac9f-fb2e4bc3ed29	2026-02-12 20:26:51.619532+00:00	2026-02-12 20:26:51.619532+00:00	\N	{}	False
14de2334-4056-4240-887c-fd5ba74cb524	83f8ae69-6f7e-4eab-ac9f-fb2e4bc3ed29	10e0f4b5-edbd-4f99-9b15-6dccf14db06e	FEE	-5.000000	USD	עמלה	2026-02-08	\N	83f8ae69-6f7e-4eab-ac9f-fb2e4bc3ed29	83f8ae69-6f7e-4eab-ac9f-fb2e4bc3ed29	2026-02-12 20:26:51.619532+00:00	2026-02-12 20:26:51.619532+00:00	\N	{}	False
6ff7a8f3-26d8-4b2a-a06c-aa3251310189	a1ae2cec-e781-48f1-8d71-eb82571efaff	4d1f7e17-61a3-44da-98c6-6b13518b511b	DEPOSIT	1000.000000	USD	הפקדה ראשונית	2026-02-12	\N	a1ae2cec-e781-48f1-8d71-eb82571efaff	a1ae2cec-e781-48f1-8d71-eb82571efaff	2026-02-12 20:24:20.324064+00:00	2026-02-12 20:24:20.324064+00:00	\N	{}	False
9363365b-f799-499e-bb61-d8e3253aac36	a1ae2cec-e781-48f1-8d71-eb82571efaff	4d1f7e17-61a3-44da-98c6-6b13518b511b	WITHDRAWAL	-200.000000	USD	משיכה	2026-02-11	\N	a1ae2cec-e781-48f1-8d71-eb82571efaff	a1ae2cec-e781-48f1-8d71-eb82571efaff	2026-02-12 20:24:20.324064+00:00	2026-02-12 20:24:20.324064+00:00	\N	{}	False
e3feb0f5-a2ce-4ab5-9bd5-af76609ecebb	a1ae2cec-e781-48f1-8d71-eb82571efaff	4d1f7e17-61a3-44da-98c6-6b13518b511b	DIVIDEND	50.000000	USD	דיבידנד	2026-02-10	\N	a1ae2cec-e781-48f1-8d71-eb82571efaff	a1ae2cec-e781-48f1-8d71-eb82571efaff	2026-02-12 20:24:20.324064+00:00	2026-02-12 20:24:20.324064+00:00	\N	{}	False
748ae5be-a4ca-49ff-86bc-7912ecd195b3	a1ae2cec-e781-48f1-8d71-eb82571efaff	4d1f7e17-61a3-44da-98c6-6b13518b511b	INTEREST	2.500000	USD	ריבית	2026-02-09	\N	a1ae2cec-e781-48f1-8d71-eb82571efaff	a1ae2cec-e781-48f1-8d71-eb82571efaff	2026-02-12 20:24:20.324064+00:00	2026-02-12 20:24:20.324064+00:00	\N	{}	False
33e23f77-61e6-404e-965f-46234e8ee1ee	a1ae2cec-e781-48f1-8d71-eb82571efaff	4906dadc-a616-4d94-95cf-aee24a984d6e	FEE	-5.000000	USD	עמלה	2026-02-08	\N	a1ae2cec-e781-48f1-8d71-eb82571efaff	a1ae2cec-e781-48f1-8d71-eb82571efaff	2026-02-12 20:24:20.324064+00:00	2026-02-12 20:24:20.324064+00:00	\N	{}	False
\.


-- Data for user_data.notes
-- Rows: 0

-- Data for user_data.password_reset_requests
-- Rows: 0

-- Data for user_data.revoked_tokens
-- Rows: 9
COPY user_data.revoked_tokens (jti, expires_at, revoked_at) FROM stdin;
ac1ENCUng8oYLoErIZVwPqSkXtwcUmxXGwCSyZrAKO8	2026-02-02 10:39:15+00:00	2026-02-01 10:39:21.715563+00:00
NusBFJ_DOu1Auzft2gj4435tbVxO-0LmRffRFdCiGYQ	2026-02-02 10:39:39+00:00	2026-02-01 10:41:21.116290+00:00
n3-SuOikG3ijJSE8tXtLJG2d2DBtXkIYPzoNg8rkYy8	2026-02-02 10:41:25+00:00	2026-02-01 10:41:28.470107+00:00
YCw491S-4Cu07hGVIKm82dbSSt9qRct9ydsqnK8ilZM	2026-02-02 10:48:28+00:00	2026-02-01 11:16:13.708588+00:00
nh6iSGQRv4qqW1YQkmZoAdz02XLLWMhs7QehA45oXoM	2026-02-02 18:39:43+00:00	2026-02-02 00:05:59.777462+00:00
YH0hAE9D0_-lpK_Gp7VE-QTsoV9lNsuPNLZjuFxQqvA	2026-02-03 01:57:27+00:00	2026-02-02 02:10:04.438943+00:00
8PhaX8v7L6-cXtRF1Ugd_ccbOErJcQeyChatPJt3U5A	2026-02-03 02:11:47+00:00	2026-02-02 02:12:20.001404+00:00
RVubBC77DxKcbEiMNJiCBUXd3UFjD1HV1i-7YQ6un6g	2026-02-12 19:49:44+00:00	2026-02-11 19:49:47.482400+00:00
46quNXt892m3sZgqq8V9tzQmq3F_4J8Fg1JddkmuLRA	2026-02-12 19:51:23+00:00	2026-02-11 19:55:19.111999+00:00
\.


-- Data for user_data.trades
-- Rows: 0

-- Data for user_data.trading_accounts
-- Rows: 8
COPY user_data.trading_accounts (id, user_id, account_name, broker, account_number, external_account_id, last_sync_at, initial_balance, cash_balance, total_deposits, total_withdrawals, currency, is_active, created_by, updated_by, created_at, updated_at, deleted_at, version, metadata, is_test_data) FROM stdin;
75aeea4d-6b17-4a68-8694-07f5a4068b9b	83f8ae69-6f7e-4eab-ac9f-fb2e4bc3ed29	Test Account 1	Interactive Brokers	TEST0001	\N	\N	10000.000000	10000.000000	2000.000000	0.000000	USD	True	83f8ae69-6f7e-4eab-ac9f-fb2e4bc3ed29	83f8ae69-6f7e-4eab-ac9f-fb2e4bc3ed29	2026-02-10 07:58:45.573035+00:00	2026-02-10 07:58:45.573035+00:00	\N	1	{}	True
688901ba-bb52-432a-8204-57429a17241a	83f8ae69-6f7e-4eab-ac9f-fb2e4bc3ed29	Test Account 2	TD Ameritrade	TEST0002	\N	\N	15000.000000	15000.000000	4000.000000	500.000000	EUR	True	83f8ae69-6f7e-4eab-ac9f-fb2e4bc3ed29	83f8ae69-6f7e-4eab-ac9f-fb2e4bc3ed29	2026-02-10 07:58:45.573035+00:00	2026-02-10 07:58:45.573035+00:00	\N	1	{}	True
e48aeabb-435b-4535-9454-06fc15f22453	83f8ae69-6f7e-4eab-ac9f-fb2e4bc3ed29	Test Account 3	Charles Schwab	TEST0003	\N	\N	20000.000000	20000.000000	6000.000000	1000.000000	GBP	True	83f8ae69-6f7e-4eab-ac9f-fb2e4bc3ed29	83f8ae69-6f7e-4eab-ac9f-fb2e4bc3ed29	2026-02-10 07:58:45.573035+00:00	2026-02-10 07:58:45.573035+00:00	\N	1	{}	True
bdb0f282-e841-4877-b489-aeb891346ff4	3a0c3794-4e34-4c94-902c-a7c5751391aa	Test Acct	Interactive Brokers	\N	\N	\N	1000.000000	1000.000000	0.000000	0.000000	USD	True	3a0c3794-4e34-4c94-902c-a7c5751391aa	3a0c3794-4e34-4c94-902c-a7c5751391aa	2026-02-11 22:12:07.875672+00:00	2026-02-11 22:12:07.875672+00:00	\N	1	{}	False
4d1f7e17-61a3-44da-98c6-6b13518b511b	a1ae2cec-e781-48f1-8d71-eb82571efaff	חשבון מרכזי	Interactive Brokers	BASE001	\N	\N	10000.000000	9500.000000	2000.000000	500.000000	USD	True	a1ae2cec-e781-48f1-8d71-eb82571efaff	a1ae2cec-e781-48f1-8d71-eb82571efaff	2026-02-12 20:24:20.293292+00:00	2026-02-12 20:24:20.293292+00:00	\N	1	{}	False
4906dadc-a616-4d94-95cf-aee24a984d6e	a1ae2cec-e781-48f1-8d71-eb82571efaff	חשבון אירופה	eToro	BASE002	\N	\N	10000.000000	9500.000000	2000.000000	500.000000	EUR	False	a1ae2cec-e781-48f1-8d71-eb82571efaff	a1ae2cec-e781-48f1-8d71-eb82571efaff	2026-02-12 20:24:20.293292+00:00	2026-02-12 20:24:20.293292+00:00	\N	1	{}	False
82efa104-073f-4333-81d7-701637b7b7d8	83f8ae69-6f7e-4eab-ac9f-fb2e4bc3ed29	חשבון מרכזי	Interactive Brokers	ADM001	\N	\N	10000.000000	9500.000000	2000.000000	500.000000	USD	True	83f8ae69-6f7e-4eab-ac9f-fb2e4bc3ed29	83f8ae69-6f7e-4eab-ac9f-fb2e4bc3ed29	2026-02-12 20:26:51.593544+00:00	2026-02-12 20:26:51.593544+00:00	\N	1	{}	False
10e0f4b5-edbd-4f99-9b15-6dccf14db06e	83f8ae69-6f7e-4eab-ac9f-fb2e4bc3ed29	חשבון אירופה	eToro	ADM002	\N	\N	10000.000000	9500.000000	2000.000000	500.000000	EUR	False	83f8ae69-6f7e-4eab-ac9f-fb2e4bc3ed29	83f8ae69-6f7e-4eab-ac9f-fb2e4bc3ed29	2026-02-12 20:26:51.593544+00:00	2026-02-12 20:26:51.593544+00:00	\N	1	{}	False
\.


-- Data for user_data.user_api_keys
-- Rows: 0

-- Data for user_data.user_refresh_tokens
-- Rows: 626
COPY user_data.user_refresh_tokens (id, user_id, token_hash, jti, expires_at, revoked_at, created_at) FROM stdin;
2b34f60f-41f4-49b7-9ba5-46df339f27a2	83f8ae69-6f7e-4eab-ac9f-fb2e4bc3ed29	247cbdd963d3b136443cbaee92ad37c6c5771203dd5989f3aaecf31bcff2a273	pdFQq8af-ErwhX1QTTvi3eElZ8_aIVF1jKlNJ48IsSg	2026-02-08 06:06:07.231981+00:00	\N	2026-02-01 08:06:07.234320+00:00
2fa482a1-3577-4cd7-a72b-719527915871	83f8ae69-6f7e-4eab-ac9f-fb2e4bc3ed29	c55af3638da1b4035a9345a5b313f2fe515639ad624bbee2f63dc6cc9ba7de81	Lu_KRu9-585EM9TQC58toitjqORpy4r7kMcxdEGfOk0	2026-02-08 06:06:09.360128+00:00	\N	2026-02-01 08:06:09.360876+00:00
e54cc8a5-fcec-4e67-892f-c445071175ec	783587a7-5a20-4ab5-85eb-857b57ab9511	da96f1a0d0a2e8f6b3227d115d036c7fd8b90be7c798ed6071e54c576a21c4cc	eiQe0OgDKuFGJl6AEVFVTSHoWrbiz_V3ev9Dr_SUqf4	2026-02-08 06:06:12.318464+00:00	\N	2026-02-01 08:06:12.318714+00:00
7355ac80-43a5-476c-a8cd-5b4607c9fb6a	83f8ae69-6f7e-4eab-ac9f-fb2e4bc3ed29	146c61cb36b1ace2b9a85e13145f92ef0059ebf12afda2c7ce1a08e5d4b79199	dmpzeSA8dILvCnyhg9RPev8pwSfWAyqNagAY0NbsoxY	2026-02-08 06:06:17.311544+00:00	\N	2026-02-01 08:06:17.311890+00:00
97e658e8-08bc-4878-a194-a1fd0a7b44a6	a1ae2cec-e781-48f1-8d71-eb82571efaff	a400c2ac85675784c2320478f3d11b3fece7ee84be31053bdfcc2ccd7d16136f	CkI9AA9puyHgRtgecKJsoEW_LoZRfWN_6WTmryCBCDA	2026-02-08 06:06:19.344204+00:00	\N	2026-02-01 08:06:17.982304+00:00
b47c51a4-0158-48c5-b31b-5cd59440129f	83f8ae69-6f7e-4eab-ac9f-fb2e4bc3ed29	c9baf6024d7dce3f79bd8823157e3b8cd31a7805e22427fa73c0505b7cb9d91b	ZCHBgc1L3HYuBnoSY9mdl7evc4TxtGgcMxNtbG83Yfo	2026-02-08 06:26:39.319576+00:00	\N	2026-02-01 08:26:39.320742+00:00
2240a102-e6d3-4691-9bc7-d0328ad0a729	83f8ae69-6f7e-4eab-ac9f-fb2e4bc3ed29	a84d2c5d97cefb966e7ad2d078f3ca59309518c6c7fb79635d03938cc38e3441	iTKkWzaXnfZAJIPaKGhUGWOUR8npLZzQif5jwo1___0	2026-02-08 06:38:39.786903+00:00	\N	2026-02-01 08:38:39.781620+00:00
e26e5cfe-9540-44b4-8606-980e28093cf1	83f8ae69-6f7e-4eab-ac9f-fb2e4bc3ed29	69c3c027352c5f0a56f445f6c118747e873d44a3d667266efea9ea6541f7713b	TILan5-NFpWsgvkACoUrmnHILMxZt-W3ch0ME1sjrw0	2026-02-08 06:38:46.309326+00:00	\N	2026-02-01 08:38:46.301078+00:00
9530bd3c-3f59-4ac0-8f2a-7b08848928da	783587a7-5a20-4ab5-85eb-857b57ab9511	c13ca8f48b3a80e440bf6072dced3f1d2a6a6b2242a9714e4f4f3a6633d5917a	eVLkqBfwiTpifh3lP2SRdnrJ-T9YW4OTkKC8ToFouXQ	2026-02-08 06:38:51.415082+00:00	\N	2026-02-01 08:38:51.405840+00:00
5019e632-f736-4461-b660-b65f5fb1a1c2	83f8ae69-6f7e-4eab-ac9f-fb2e4bc3ed29	abf9dec8988ab22426081816a2d4661bcfe5d4be88cb04f69e14b2e4f11361d3	N95ql9pulluRad1K1UOFjNhMODoiGxjB2Lz4xEa5bWo	2026-02-08 06:39:21.983012+00:00	\N	2026-02-01 08:39:21.981458+00:00
522bc0ba-52e1-49d9-93f7-dbe0652d2b9c	83f8ae69-6f7e-4eab-ac9f-fb2e4bc3ed29	a738a121a80d8b84669e5f4c3e6661d4699ace43d1d2508e1f6af67a211b1883	Hf02GwmV2z5nko4zWa4zc54NvBISfLGeQH2etEmYllc	2026-02-08 06:53:01.211726+00:00	\N	2026-02-01 08:53:01.209306+00:00
e4640e35-12dc-4771-a461-a1af5bd8e026	83f8ae69-6f7e-4eab-ac9f-fb2e4bc3ed29	960cbe233ce4e7c39e3b5eab844e7ecc6fb162ac97ac046c2eaa68e36e744b3a	hACaEiAD-pqQ5zNv4pFkq1w2Gb_xON_Tihx1p7vvyHw	2026-02-08 06:53:02.666487+00:00	\N	2026-02-01 08:53:02.662064+00:00
de2d4ccc-176c-4d72-a0c5-0879a516c42e	83f8ae69-6f7e-4eab-ac9f-fb2e4bc3ed29	d379f1a9e71311938300d9990adc4ec01d6f8d81b3a3ff26f53f2c7ed13e31fb	BFsVwKiBvqyRtFLqT3MMZluX9RT0Y3XXrwAvTfLfuXQ	2026-02-08 06:53:04.475721+00:00	\N	2026-02-01 08:53:04.471404+00:00
7e89a0d6-187a-4942-8ef9-dd9b1a8e350e	783587a7-5a20-4ab5-85eb-857b57ab9511	f84b606f869e70a5e82ebd4e7fba1fd22462eeecdd10483c9ef54acb48622ee8	ljTv_FZDzuC6M39lw5qUw3QdLrtEwf0yNdJBaDNwWnM	2026-02-08 06:53:08.927011+00:00	\N	2026-02-01 08:53:08.922667+00:00
b5209db3-066a-4efc-9ed1-77436c23443f	83f8ae69-6f7e-4eab-ac9f-fb2e4bc3ed29	0ea176939d8150106c68a7d9157126adec8101c75f5739a7c517cecb9f0f5026	lB7OVu0R0ZIG96lbJ87G9tGShHYoi6h4K-cc_eG9Hbg	2026-02-08 06:53:18.928628+00:00	\N	2026-02-01 08:53:18.924296+00:00
90e4179c-7d7e-400c-8a58-bb0c81f434e2	83f8ae69-6f7e-4eab-ac9f-fb2e4bc3ed29	535d638f0b6a14b3c9fca580dd5a85dcc9541fa0e7e6b2201bb86c449b297522	yiaMJeNvg0CB5LI9osio392qDyiGJWdzoKNuKXQG0Os	2026-02-08 06:55:50.322752+00:00	\N	2026-02-01 08:55:50.323130+00:00
823d359d-bef3-4910-898e-1915a2475c7d	83f8ae69-6f7e-4eab-ac9f-fb2e4bc3ed29	a52f94fce8e885d47c4dbc223fe4684fa9ccb79c8df2d8b18f9e9eb283042280	2JYC-MPH2_CzY4DTxsx-UMezFWJShxJgpjPlihCrVlM	2026-02-08 06:55:53.967792+00:00	\N	2026-02-01 08:55:53.977810+00:00
a888e65a-c691-4a94-a4a3-7aaf8f508c87	4d00332f-3b1c-43df-a2eb-7261b03cdd46	227971b1e38c88285b3e64c4b90d326cfad7a1c859d2ab8ddc07c43c445d3171	QZLx37VbtclXp7lwBYCvSJe5xmpKMBE3xqvcutvEM2s	2026-02-08 06:57:53.933231+00:00	2026-02-01 06:57:59.494326+00:00	2026-02-01 08:57:53.500053+00:00
7ce9e103-483f-41a7-a2cd-7cfab9d60df2	4d00332f-3b1c-43df-a2eb-7261b03cdd46	28be6f0005527aaf9452faf211c29c0438b46211ef110ed439ecc25b304edfc1	wlTJXieZHaO_YGBMRowsu5uAPSa2DTUVIYFIWIDus-U	2026-02-08 06:57:59.494680+00:00	2026-02-01 06:58:03.921734+00:00	2026-02-01 08:57:59.471499+00:00
e21130ac-eddb-493b-bc11-36ad0cd304bb	4d00332f-3b1c-43df-a2eb-7261b03cdd46	245f6a6ce7980262573afb438d886771f8df5fc1727be7d5539a582ce8086de7	xzAy_w6iJ9m5oexMdmrxKEv47hUAVaQ6X4tx438eW3A	2026-02-08 06:58:03.916651+00:00	2026-02-01 06:58:03.936608+00:00	2026-02-01 08:58:03.903594+00:00
8fa468c8-95dd-46e9-a7f8-c1ed12ec50d2	4d00332f-3b1c-43df-a2eb-7261b03cdd46	678bcb38eeb99709aecf17dfccdd1bce88cd52aadb0016f7d7fc56072c7c8250	G8ZLbkSSdi5itOplkMyAS_6FrhdLzd7UrptuwMSYepo	2026-02-08 06:58:03.936877+00:00	\N	2026-02-01 08:58:03.931473+00:00
20433525-5e70-434c-8a92-7823cabd0a98	4d00332f-3b1c-43df-a2eb-7261b03cdd46	3ac09692b66dfe7a82cc54683aef08ea2bf0ecce67178a3180a4c386019b7009	sREn5GenJ_vnGhhZJCyxKNKN0iQt99fRj4pt01AOq4c	2026-02-08 06:58:03.921957+00:00	2026-02-01 06:58:03.939770+00:00	2026-02-01 08:58:03.897513+00:00
9e707990-70a9-4b80-a83e-d8ef572b4a9d	4d00332f-3b1c-43df-a2eb-7261b03cdd46	375434b93ce1c3f9fed24bcaf2581d60d984dec08e865c6363e539b3ed41854b	5i4WrKpGC6dQ7u_L8bwDt78tU9DJzjjK4rY0oMHw6is	2026-02-08 06:58:03.940005+00:00	2026-02-01 06:58:06.958522+00:00	2026-02-01 08:58:03.935654+00:00
c80ebcd9-88df-4a53-af76-2a6381bc254e	4d00332f-3b1c-43df-a2eb-7261b03cdd46	b540933fca2f3b7a7dcea25edcab6578a6e183aad98b14fac3c44a59b1ecbb8e	iKXw4AIwEKMbNG5zl5hCOMInbXnzl71RREUwcL43EfI	2026-02-08 06:58:08.228574+00:00	\N	2026-02-01 08:58:08.224480+00:00
fe2b2374-5d7f-4f66-ab03-8b18913a39c4	4d00332f-3b1c-43df-a2eb-7261b03cdd46	6e8142ef8e528ccceb78e8567981177b7ab1d5a64a6bb8455ca88b99090c1bdd	zZyjVIlhmwTeXblN_s2hpj4WR6f7u3WnN50NSm0-ghM	2026-02-08 06:58:06.959684+00:00	2026-02-01 06:58:08.229533+00:00	2026-02-01 08:58:06.951825+00:00
75c5eafc-ae1c-450f-a0c4-08c65c3c544c	4d00332f-3b1c-43df-a2eb-7261b03cdd46	69bda0428505af02328c1d36110d192ea51592625e0d3b2e226143d3b8d54486	5tpTHZNvhSOYW65mpsatyeGrm22dup70tKbcssBNLX4	2026-02-08 06:58:08.240304+00:00	\N	2026-02-01 08:58:08.236828+00:00
636893cd-5350-413c-9eb8-e49a05fa013e	4d00332f-3b1c-43df-a2eb-7261b03cdd46	cee60af76e416642331dc845734df69fe51e85662d2d1d081925e4442342034b	vxzFH6EW3_VM34qU20QwE9TuV3hALg8PnCtyFVxiDBU	2026-02-08 06:58:08.229655+00:00	2026-02-01 06:58:08.242504+00:00	2026-02-01 08:58:08.226468+00:00
5246b7f0-6163-4ec9-976b-8334fb409eff	4d00332f-3b1c-43df-a2eb-7261b03cdd46	27c8311e9aae80fce90d5168609b8d04d19eee6fa6ae8940b556281bc1e6490b	Sj2QcZaHw3EfN4vzHXSTUDfOh69ZwSNh_vT-UIBqsXM	2026-02-08 06:58:08.242606+00:00	2026-02-01 06:58:17.656864+00:00	2026-02-01 08:58:08.239366+00:00
b5a9e58a-64b9-4479-9cca-2df081da0e52	4d00332f-3b1c-43df-a2eb-7261b03cdd46	81a6e7ba67f332ab6ceb82963d72fc1db626c0cbf199cb42c0033d76d67e6440	mzDPpRom4FTamzfYqN7LZcdrMOkXmiyaKPoCbCfE8pY	2026-02-08 06:58:17.657414+00:00	\N	2026-02-01 08:58:17.652085+00:00
b6096467-3321-4bf4-a2a5-feb30547da8c	83f8ae69-6f7e-4eab-ac9f-fb2e4bc3ed29	1dd7ae4e4de7772df6ae6d1199d443493ff2ddf4abece98102916dfda9ab63a9	4z8NVytpqXJszASoOGjpVO2acTPZHJ63mWaoAwIg0b0	2026-02-08 08:22:03.883598+00:00	\N	2026-02-01 10:22:03.884614+00:00
3b50f4bc-8f65-42e7-9a80-c2cc889fb91b	83f8ae69-6f7e-4eab-ac9f-fb2e4bc3ed29	a39f1e074de17a0140019fa78198e13630f44f8f0272c7962ae228d7738bfbb7	VuNZXd1BQr-4OcxFiB_DoAEOW-ztZrwQ34CSIfsndCg	2026-02-08 08:22:07.332654+00:00	\N	2026-02-01 10:22:07.332344+00:00
38115e0d-f249-4770-bcc2-d3d4b81300c9	4d00332f-3b1c-43df-a2eb-7261b03cdd46	cdda650e79b97483cfcb4124462e70d036daa3aa7937c3365e13fce0abfb9ff8	XEgcmZGCiJMZ8F6rzaAgN38izKE5AnaU3PzGzSBTDTc	2026-02-08 10:35:51.068188+00:00	\N	2026-02-01 10:35:51.068665+00:00
ae69253e-dce0-4f7c-beb2-43783d77bfdf	4d00332f-3b1c-43df-a2eb-7261b03cdd46	6c5498fac78d874d9e82347a106a9fb7dea4cbdf00a1737f82ddf0b4a6be708f	bZxT9DiI6kfhOhGvak2Z6gfvrA2PfxG6e-frNilO7mI	2026-02-08 10:36:00.781086+00:00	\N	2026-02-01 10:36:00.781028+00:00
bf239690-7534-4077-8fb4-3f45d51907ce	4d00332f-3b1c-43df-a2eb-7261b03cdd46	0dd9f4108e228336237bb324d35d5b857948866c094d1cda609e4fb194284793	Yo-ztJ7je8_PdkSRcjhLvxFgqNbJmgAQCq1spauZQsE	2026-02-08 10:39:15.832967+00:00	2026-02-01 08:39:21.719320+00:00	2026-02-01 10:39:15.832603+00:00
1d189231-d33e-4e0f-b044-107aeea6a0b4	4d00332f-3b1c-43df-a2eb-7261b03cdd46	7d71df79bce4f256c1baf57d81740e0a64091a9fa3cf254776543fa920bcdc9f	Ed3sFN9a-5Dm7GN6CvQaLK0cAeBhNH9IflHeBHXCbNY	2026-02-08 10:40:46.585276+00:00	\N	2026-02-01 10:40:46.594184+00:00
e6b56be1-c208-48ab-af31-c571c6734942	4d00332f-3b1c-43df-a2eb-7261b03cdd46	7d88fe03dc995c2e88380a9be6e5b9f8c1bcd1d0ccca72326a1afd8c3002a658	ZKmoC6kET_zYq23Eo0nLUEvxZfLfLZTurqGCDrGxTWk	2026-02-08 10:40:50.610369+00:00	\N	2026-02-01 10:40:50.619196+00:00
0054ba24-0b48-4c9b-af46-61f969a07ae3	4d00332f-3b1c-43df-a2eb-7261b03cdd46	059eb8e00380802c113655199795d48fd6358cde1c327a3be11b987cc54ecd5d	6ulHKaY80iZaGqZTaYX1RmIzSmWNU2No2p-EOS8zC78	2026-02-08 10:40:55.076720+00:00	\N	2026-02-01 10:40:55.086284+00:00
a7d0adcb-2689-45fd-ac3b-c443a53fe048	4d00332f-3b1c-43df-a2eb-7261b03cdd46	57e8c33feaa4724e2bd89cd479913e59d458d6b80eb05458b04e9675a5313089	hFMaB-7_ij3OcZ836VctxfqTGw0iNc2gXJiwwvlHQ1c	2026-02-08 10:41:00.242071+00:00	\N	2026-02-01 10:41:00.252890+00:00
28d5e8fc-fbd9-4d7b-b7a1-37d62926e533	4d00332f-3b1c-43df-a2eb-7261b03cdd46	e347222bb4b1faa4316bf30d18603cf6ef758158e48792d160129ce05df69f84	BYaADSvJurdSVcevKIooTZoMlgeHK2ZlvlbamjCUF5U	2026-02-08 10:39:39.437108+00:00	2026-02-01 08:41:21.120288+00:00	2026-02-01 10:39:39.436879+00:00
29137fb1-ae81-4d86-af2b-bff2e0b2a287	4d00332f-3b1c-43df-a2eb-7261b03cdd46	42a14d268ebab997640b64b07813dfa6bc86992894e26a42f4e88f3b4ae22b6f	ZsRwjklskbCSAwfB9V9mQLgSposg6Wju900hrmHpJGM	2026-02-08 10:41:25.880284+00:00	2026-02-01 08:41:28.472445+00:00	2026-02-01 10:41:25.881813+00:00
e5252597-484e-45ad-9844-44cff8563615	83f8ae69-6f7e-4eab-ac9f-fb2e4bc3ed29	4daa2b32cbf70c2fdf6b611ee918c6d0a9f83f8cc9475704c330bcbeacd3c170	TrgfiNvYZEpt4om0dAClRyFKRf_dd6rnY4axDv4jKog	2026-02-08 10:46:28.621362+00:00	\N	2026-02-01 10:46:28.630911+00:00
4f258c95-defd-4790-a21f-59b07a468a14	a1ae2cec-e781-48f1-8d71-eb82571efaff	cbc09013e90e94d62dd0b0589eef44b16704e8328b4b5081022ab1241d105b41	_f8dQ2KeSsAmuEkPj5sQUggL_4RDs0zfdC9ki2nUhm4	2026-02-08 10:46:30.012166+00:00	\N	2026-02-01 10:46:30.011648+00:00
0144c115-4bd3-488d-9bf1-35ac0c82cd73	83f8ae69-6f7e-4eab-ac9f-fb2e4bc3ed29	28ba378bbe17391558782c9aeda33b9b09762cbd1a5da1cf2c30593a51d6a468	YMKqGXe9SV5n2jpdAlIC7qezMJzPJGbr-61jQVr4gGs	2026-02-08 10:49:10.397277+00:00	\N	2026-02-01 10:49:10.390793+00:00
c5727c8d-2d90-4f44-9cfe-99291472040f	83f8ae69-6f7e-4eab-ac9f-fb2e4bc3ed29	913e1ab59b50212ef92e57211be163fe06d576c32b958968200f799bcbfddfba	jFZqfgE56Eftq-vNTc012uOPcf4CjxSGptEfhpOnh-I	2026-02-08 10:48:28.131648+00:00	2026-02-01 09:16:13.715297+00:00	2026-02-01 10:48:28.131663+00:00
777b7810-7c6a-4760-ae7b-af6a929d45c9	83f8ae69-6f7e-4eab-ac9f-fb2e4bc3ed29	da55e1813b837937884cc3cf77b30da5baf34aba04236152dade2f8f47766d0e	fLQmBoiY2DZ9mAgfwCwFU_3apuUfpQh277P0RmvaB3Y	2026-02-08 11:16:21.806924+00:00	\N	2026-02-01 11:16:21.806202+00:00
19a9b328-f6ae-4bc2-805e-9f06ae29760e	83f8ae69-6f7e-4eab-ac9f-fb2e4bc3ed29	9ada35d9788049fc7a5a8606949c60e1f745eeae042b108bb8a30dc803373f18	jJBrQmfeBAJKbKrwpOGj2vZJfsnXY3OopWFi2K8sbWs	2026-02-08 11:40:20.452172+00:00	\N	2026-02-01 11:40:20.454555+00:00
d2ac17b3-599f-46aa-9ab8-77145ae0c277	83f8ae69-6f7e-4eab-ac9f-fb2e4bc3ed29	5ed4649a4289bacbc8f735e16b666fb5e54260a4ec31d47869e1b1e58158dec3	lCX-xCQEQo1jW_5bBK441ovGsSSQQi1ZRQuXqdxv0Z4	2026-02-08 11:40:29.319780+00:00	\N	2026-02-01 11:40:29.320393+00:00
38b7e605-dc24-4065-b558-27cf66f6ac99	83f8ae69-6f7e-4eab-ac9f-fb2e4bc3ed29	efe03649121358b430ddd08af0d90823d58eec05f87be1afd3c5a6fe7ffd694c	ZWCLpy2KKPPWQ1O0Zbsvl9JpCGnXztU2dOmkmeJwq5A	2026-02-08 18:42:20.111877+00:00	\N	2026-02-01 18:42:20.111273+00:00
dee0cebb-9674-41b9-b170-7a2384f4274e	83f8ae69-6f7e-4eab-ac9f-fb2e4bc3ed29	cf9d3c2ae52754952aaf302108f917c56a1a03d73a5be9aad36556d6e70593c5	8ADOUhL3SWFH2H1-oKGWma2Ctjs5aFcr1YYqXS8ylSU	2026-02-08 18:42:23.413662+00:00	\N	2026-02-01 18:42:23.413483+00:00
40d0519f-0019-4940-aee5-d19688bab4ef	83f8ae69-6f7e-4eab-ac9f-fb2e4bc3ed29	b88195e89d351deaf353106e06997e91297a9d3a236148cb1cff221fb14524fe	infDWpajgQXAfdYMQmdu0GmxK5FcyaVhf23NTyTqJcA	2026-02-08 18:42:27.870216+00:00	\N	2026-02-01 18:42:27.870187+00:00
85759b4f-a1d0-4c29-bbd7-1dd294bb8fd9	83f8ae69-6f7e-4eab-ac9f-fb2e4bc3ed29	444612d1afb1765324f5cc5b63efb3b055b0d1efc7353ff6ff5d9c4bca2e40d4	FzO-yN2xbxKPKWs83YVY8F5ff2I7QCXKQhItjeuj8CA	2026-02-08 18:42:46.234245+00:00	\N	2026-02-01 18:42:46.234333+00:00
63942d43-2fd3-420e-bde6-5b190c6be281	83f8ae69-6f7e-4eab-ac9f-fb2e4bc3ed29	356e0ecfb52f7c64b2dd6230eba8951055f0e083b78781471ec07353728e44ed	ody9poYfSqhaQPi8l5v_my3rJSnkXsnNR2ktLaG5LzM	2026-02-08 18:43:01.275844+00:00	\N	2026-02-01 18:43:01.273422+00:00
993d2c48-0fa7-4c59-a239-51ba78b7c24e	83f8ae69-6f7e-4eab-ac9f-fb2e4bc3ed29	f1f94c54261fa4b69614f71d0040e3f10d3e1d1c6a7a124b45f9cf855c5e0f64	66eS9oW9K9K5pUtJwFsbySwouyiCHXoJaOXsais3iXk	2026-02-08 18:43:11.314158+00:00	\N	2026-02-01 18:43:11.307186+00:00
5dc8450b-efa1-45a6-a26e-e1fd55474c84	a1ae2cec-e781-48f1-8d71-eb82571efaff	1d829b1380ecca11e17a2ac421e9ce90789a3a27506db5d7795f6b5631b60c12	UtF_sfkAyWKCkAHB03AgCP5TMAzJKQ90Iw6ozVInbJQ	2026-02-08 18:43:13.939223+00:00	\N	2026-02-01 18:43:13.931507+00:00
21da812d-dc9b-47f3-9117-e5aa713d3c63	83f8ae69-6f7e-4eab-ac9f-fb2e4bc3ed29	fec994fa9098cc736726358672f5a6f68c80851a8a73415bd12e9edec45afa0c	tpFMtt3nWsQOBhHNxmdPz5u-dUbpAjo4Hu6XT3HLbYQ	2026-02-08 18:39:43.188443+00:00	2026-02-01 22:05:59.784463+00:00	2026-02-01 18:39:43.189638+00:00
d5e65cb3-cbcc-4a69-8d80-f05361d8fabf	83f8ae69-6f7e-4eab-ac9f-fb2e4bc3ed29	6835e51cc9ef2442f5069d362a82b1f6889caaaca4ce0192addd69e7e0aa9fe5	DdfvwngrRn9EyJyX1OgxMfHGFCcPj6QAEckUbbCAlhE	2026-02-09 01:38:42.195236+00:00	\N	2026-02-02 01:38:42.195752+00:00
9c471d76-35ca-4f01-8284-e66e75c7d7ff	83f8ae69-6f7e-4eab-ac9f-fb2e4bc3ed29	de384b0c6dfad4fd55b76d2840c13138dee5ab16e2c53ea4621c54b25b8622f6	S3m4H_1BAFQU7iessiQwa-ZqWuHX22gGZfHL7lU7Ivo	2026-02-09 01:38:43.911417+00:00	\N	2026-02-02 01:38:43.911200+00:00
a4d395e4-bbca-44d4-a75b-eaca556fa80f	83f8ae69-6f7e-4eab-ac9f-fb2e4bc3ed29	79d3994c0f529fc5fe57c2d64ff4694683a37ff94351496e504b6bfd9feb30bd	hOzgB1ueEVII01H5FtOvZmr2TmQnqIfWG1XTO78IPXo	2026-02-09 01:38:45.850809+00:00	\N	2026-02-02 01:38:45.850591+00:00
18cf4e51-c7ed-4b17-b706-ad08581d2abb	83f8ae69-6f7e-4eab-ac9f-fb2e4bc3ed29	844c83dcc229d6c9109f9b0aec108ca05ca9224f9651d22dc7e1067a6b118bd5	2Y6mBMyH0Up5kuh06pPBDR8UUdabJBX1VNcfbe_FJ6A	2026-02-09 01:38:53.009582+00:00	\N	2026-02-02 01:38:53.009579+00:00
367ba828-9d83-45fd-b469-185d75ac3fe8	83f8ae69-6f7e-4eab-ac9f-fb2e4bc3ed29	d4c69e23ecc7539422746c4e8493673c6e1ec1b1cc31e56097fb3736d63dce7d	RbDKjiszE6QdrXVrAAgRdcAfKy7iT-8Qv01JXpb8pgQ	2026-02-09 01:57:27.545114+00:00	2026-02-02 00:10:04.445282+00:00	2026-02-02 01:57:27.545670+00:00
0f4c4720-18ea-426d-8169-90a6d51118f2	83f8ae69-6f7e-4eab-ac9f-fb2e4bc3ed29	84fc5d9feccbd3dedd03a583fb34862f979048a4b13dd45f0bf992ae3573c7fa	czBGTi5mpOUM6dwP6mgp_WNfxgLpuqa15i35YIJDou8	2026-02-09 02:11:47.911825+00:00	2026-02-02 00:12:20.005975+00:00	2026-02-02 02:11:47.912310+00:00
2e5d10c0-1f9c-40e3-acf5-86b5891aeee9	83f8ae69-6f7e-4eab-ac9f-fb2e4bc3ed29	ad431b87e3f3ed9e39a2d299d110bed990b2fb9b797c6adda785fe09f5f4b742	8Se2Fu2FrSAyqFV26Lb5J4jdiUTQWr0vOVsVPZIiqJw	2026-02-09 13:23:19.161797+00:00	\N	2026-02-02 13:23:19.161827+00:00
86b63391-dcb0-4735-b637-54738e010cac	83f8ae69-6f7e-4eab-ac9f-fb2e4bc3ed29	433b2dd90dd75c677367731e9f53a0a69b8fca822861a583b7eba65a019d24d4	BMaCtQ1t_eg08yFMz21jK4b2pCFq-0t7qrAeHT5NeDg	2026-02-09 13:24:31.789233+00:00	\N	2026-02-02 13:24:31.789161+00:00
345de893-2ed2-4175-a66a-96d0424efc50	83f8ae69-6f7e-4eab-ac9f-fb2e4bc3ed29	c04fb90455afb0d79aef932ad741fdb424604b12792b88a05d5aa492e940c0eb	rdEFo3anycdiN1D4vM_3_otT8VwLQLSRPAlNLrLPwY4	2026-02-10 21:56:22.468473+00:00	\N	2026-02-03 21:56:22.469032+00:00
00c62ce7-2004-4d25-99b0-bdf970e0427f	83f8ae69-6f7e-4eab-ac9f-fb2e4bc3ed29	fb7064727786c3f85819f21ebf525e9059bf10528e7e1362d358824c9c410a22	ERs6p5T-rNgVh034wPcHgY9ELC2xFmt90VJ1B_FKe2U	2026-02-10 22:18:49.563829+00:00	\N	2026-02-03 22:18:49.563094+00:00
a8efe5f3-cc9d-4604-aa68-2b3ec6553419	83f8ae69-6f7e-4eab-ac9f-fb2e4bc3ed29	1b32d10af1c1b6344fb7ab85ed10720669f3456f7d8e4b6f5514b3924bd15bf6	nSUS3Qpx2Na-_jzPne9QiNcDfRIt8CHk_AwBG1qzSEs	2026-02-10 22:48:46.808649+00:00	\N	2026-02-03 22:48:46.788129+00:00
74cfb962-00fd-4316-939e-ca6c9e53f072	83f8ae69-6f7e-4eab-ac9f-fb2e4bc3ed29	0c1924141cd98d2fe8c2ae12818aacf0838b3f3e7e673d61f7beb048f4213778	owOp5X4Tolor8sm2oL0So-i8T7uhXH13AATjQmZWpcY	2026-02-10 22:30:53.583607+00:00	2026-02-03 20:48:46.810867+00:00	2026-02-03 22:30:53.584427+00:00
a8132321-a9a9-4bca-9a77-d0539ed61532	83f8ae69-6f7e-4eab-ac9f-fb2e4bc3ed29	3a12c07768bff124c2a6c65c97b03891e2aaf79e8903a16f4fe24be23fac5966	0sZv3CUlBRkk3EvTpZfGNR0emEL-sS_AoJWnZ45iJl4	2026-02-10 22:48:46.833202+00:00	\N	2026-02-03 22:48:46.828586+00:00
bb8465ff-fee0-4747-8069-8f28a06014a9	83f8ae69-6f7e-4eab-ac9f-fb2e4bc3ed29	efeed4885a302c0c8aaffda04c8620f6d5730e68cdbfa9a813c90f9c179a8d14	YX5EUqBGmieBUh4FAQ56f_hYCc0IwgZklGEUG90Bki0	2026-02-10 22:48:46.811067+00:00	2026-02-03 20:48:46.834949+00:00	2026-02-03 22:48:46.788121+00:00
84877da6-eecf-4d8a-b82f-b470fec72508	83f8ae69-6f7e-4eab-ac9f-fb2e4bc3ed29	7881029fd26704861cde4c5d57c9d93fcdcd5c3f5c40b9e227c24fa6d91cfa76	psOAET-AsK25oeyjC38c5vF7llRF3haPqc5IwmPBYw0	2026-02-10 22:48:46.835072+00:00	\N	2026-02-03 22:48:46.832103+00:00
7f17d5cb-54db-4391-bd70-faf65b9dbb69	83f8ae69-6f7e-4eab-ac9f-fb2e4bc3ed29	848becc0b9627cbde6f65f72f9d5ffb9afa0589d972f50fc4d91676dcd69e7e3	1SLIPoHxYAbfaDyfPPLk8zhgVFOM1optiLykLOYfqyw	2026-02-10 23:31:48.282180+00:00	\N	2026-02-03 23:31:48.283279+00:00
e71eb28c-3399-4a6a-90c3-4443733d25b7	83f8ae69-6f7e-4eab-ac9f-fb2e4bc3ed29	31be436e409acfb2b35707a739d4af88b708f957a8721b3679b3689a2ff92a44	D1F98DQtDFZQLliGr4FuVvuwaUrrBi1bfDEfuKtnxYM	2026-02-10 23:48:01.786725+00:00	\N	2026-02-03 23:48:01.788499+00:00
e12c5b42-d0b4-4863-8bf4-541e390b687e	83f8ae69-6f7e-4eab-ac9f-fb2e4bc3ed29	842dbb2db8c311c075022b759d4686b146a767a7e0b55b1445ca5c3fac17a714	QdK6OuuJnci8h43Y8haHBBeyvvSUtuIzVNj_IsENU4I	2026-02-13 14:29:17.954770+00:00	\N	2026-02-06 14:29:17.923841+00:00
c7e6ea47-78c3-46ff-87ed-0935a7306e33	83f8ae69-6f7e-4eab-ac9f-fb2e4bc3ed29	14dbe087ca08e0e89405a3aef645791514cb6f108c68dd27538e5d22f4abccad	crvsnQqmDAZnc2OJgua8IJc0iyjgYaBn0M3YhziArwI	2026-02-10 23:51:23.372837+00:00	2026-02-06 12:29:17.952880+00:00	2026-02-03 23:51:23.372880+00:00
fdfa9345-c2fb-4471-98fd-3b1231ae88fc	83f8ae69-6f7e-4eab-ac9f-fb2e4bc3ed29	79d4f33ee1623e72e6cdd689bf4adb425c70446397929843b2c55b3f2303e147	-hmKo_B9yBVrp8cswBtbVyEubCO-57oBVXPmOo-TTfM	2026-02-14 17:30:56.912611+00:00	\N	2026-02-07 17:30:56.904493+00:00
b00bb4c8-6f4f-4ee9-af11-21fe4eb6dab5	83f8ae69-6f7e-4eab-ac9f-fb2e4bc3ed29	e1502737e5ccafeb5cf45dd1c5ff656fefe4fafff73b7854652048b17c025e65	jMW_QesFu1_rZDs28SRGFV7S4AcNDcHL2Xt2KCw6FRY	2026-02-13 14:29:17.973808+00:00	\N	2026-02-06 14:29:17.969749+00:00
4c551ab8-8058-46f0-8450-a581cccd3653	83f8ae69-6f7e-4eab-ac9f-fb2e4bc3ed29	898af7082e35882c518c835cd313198e7e2832b03b3f1571c0260bb1d0ed51b5	cNB5haoPsv3LnNoKJsdfTQa02ws1mTYlxUxHT08i5Nw	2026-02-13 14:29:17.953056+00:00	2026-02-06 12:29:17.974924+00:00	2026-02-06 14:29:17.923957+00:00
53093af7-7587-4da4-be15-5f961983d0b5	83f8ae69-6f7e-4eab-ac9f-fb2e4bc3ed29	8a685128e770addb1ac3bf4dd98257f722bf16350aceecb9ba8180f0f3529aa3	OnS1Kl_5VfQAFtyKt5JrVfB9DCUrT_KuZ3E1LAi2UvQ	2026-02-14 10:46:32.228488+00:00	\N	2026-02-07 10:46:32.230344+00:00
aba4ae04-2dd6-4913-8300-39a6d4f0492d	83f8ae69-6f7e-4eab-ac9f-fb2e4bc3ed29	1881f5f9438982f3b55ae58e541029869e8f5929d881a73ade16d63b4113db6a	GTp7v2GPdxAzii15ct7c8R5j8sxjLjWw0ZgiKaISrxs	2026-02-14 10:46:42.897488+00:00	\N	2026-02-07 10:46:42.897086+00:00
4d3fda63-14b1-4b23-8cd8-eaf37db3dba9	83f8ae69-6f7e-4eab-ac9f-fb2e4bc3ed29	bd32d9d8f4bd645dd7cac95cef315b6b27d76ef59d12818c8c13a1ee61f1e356	fdr9fQ2aIRCRAzgAG3_zpM_5NiEhgrnUPXTk3gAUWSY	2026-02-14 10:47:54.081697+00:00	\N	2026-02-07 10:47:54.081325+00:00
116d7971-c741-4f7d-bb01-247e9b4638f0	83f8ae69-6f7e-4eab-ac9f-fb2e4bc3ed29	99854f473df02c5d28cd6ee8ce4d1aa8d9014651596ecac19cb723fc621bf082	byfLrM2XeLzvmVaawUzga28c9C047A7pKUQ6N7z4-6c	2026-02-14 10:49:00.182214+00:00	\N	2026-02-07 10:49:00.181457+00:00
fb0c88c6-358c-4e6a-b5f6-3625cec2f4fc	83f8ae69-6f7e-4eab-ac9f-fb2e4bc3ed29	a5d7bc02092fc63754c33d3265585a03ac595b32ac283a15aec7a55da191ed7e	sRV182Q9x_NJyNhYJ5TDG-IoGZ4sb2QuR8RZDVamihk	2026-02-14 10:59:54.054975+00:00	\N	2026-02-07 10:59:54.055118+00:00
80ba919c-e26d-455f-a5d2-4a9875586d3f	83f8ae69-6f7e-4eab-ac9f-fb2e4bc3ed29	d5d540b38de030e354bb8c6cb8f9502bbb6d5fb39850ad664afc5e8896e2e838	fkYfawFi-wbpR46QOoAKbYB90DzYTXX7OMOX9CZBRos	2026-02-14 11:08:06.152427+00:00	\N	2026-02-07 11:08:06.152052+00:00
a0e8aaea-3738-47ea-be4d-553869349c89	83f8ae69-6f7e-4eab-ac9f-fb2e4bc3ed29	e33f1383d66091dcbe664971cbffc865f146f7b9885e3d63a796b6da1c585925	L_TorVNVJO7bvcMLYtK_t2KBjdGApeQkn0LTwIzgQO0	2026-02-14 14:39:24.510349+00:00	\N	2026-02-07 14:39:24.510984+00:00
62d6c819-614b-4de3-998b-bd203a55cfc2	83f8ae69-6f7e-4eab-ac9f-fb2e4bc3ed29	a814b6e1d92c501377415670494676eec95f395f0e288fdef63660cfc4892688	tEBXEJVGTftVbyZ0MZDzjetNxqeHEK6pxh3eJrk2uKA	2026-02-14 14:41:36.752110+00:00	\N	2026-02-07 14:41:36.752147+00:00
3738258a-ac54-4f01-83f3-232656320c60	83f8ae69-6f7e-4eab-ac9f-fb2e4bc3ed29	39228e560a793419d1dccc4f57c4cc48a37954c59b36c344169590fb03e556be	9Yd3sfJnZLvNjrtRUy82Dgl0Ss_jFLo4KCirNbmQIFw	2026-02-14 14:41:53.509490+00:00	\N	2026-02-07 14:41:53.508962+00:00
879ec1da-0802-4938-99a0-4e55959f8038	83f8ae69-6f7e-4eab-ac9f-fb2e4bc3ed29	25029d21111e63f0430718b45713695b739603b9e6419513bed1427180d82ff4	map9tJLT_yclANU5ihAc_f9C5SwOA1h8QtzE3VsOZLY	2026-02-14 14:42:07.028959+00:00	\N	2026-02-07 14:42:07.028440+00:00
30edbbef-cae7-4183-9073-8a07463848fe	83f8ae69-6f7e-4eab-ac9f-fb2e4bc3ed29	548fab8c7eb51e6a8066aa4676fa291f18de374cc5465ef9c004bf520d0ebfa1	QhMyfSXpG5BnInBq_S8FFESFhyqyuPAlg96fKVA91qM	2026-02-14 14:42:20.708269+00:00	\N	2026-02-07 14:42:20.707799+00:00
5d3ec079-ae3b-4ce1-b8cc-1dd09df3a4d7	83f8ae69-6f7e-4eab-ac9f-fb2e4bc3ed29	45507f7d51c1deabcf5077cab7476745aa2b0ad1ab14c53b0a4e190dcc86a89c	vGEOFT3MFeE6pLLpR6HLEiKI16qLcjJs57YCSkQAxgg	2026-02-14 14:42:34.211170+00:00	\N	2026-02-07 14:42:34.210511+00:00
8fb5be89-906d-4e3d-b690-dc185463f23a	83f8ae69-6f7e-4eab-ac9f-fb2e4bc3ed29	e983c2292c7c30f0b5e02ef6230f0c8d94f607a9f101634511adf3d23e9ce2d1	PNeLcURENz5KOl1Ezev7DjEKvZ3NB3ugiCIrN9ZG3_0	2026-02-14 14:42:47.567227+00:00	\N	2026-02-07 14:42:47.566442+00:00
87af1e31-6b23-432c-8faf-aed0c2e77ba3	83f8ae69-6f7e-4eab-ac9f-fb2e4bc3ed29	da30764e5d276f72cda18e52fae2d392e0fbb59d29e30b485b30a7775c15c391	o84O7yQhlxrv7TH89XtdXNGCCf669ZAl7UR3vfxHDRU	2026-02-14 14:43:00.896562+00:00	\N	2026-02-07 14:43:00.895987+00:00
2c15038e-dc65-43dc-ac36-41243dd1d6b8	83f8ae69-6f7e-4eab-ac9f-fb2e4bc3ed29	e37d0d071bd880e01df61db9cfb7d3a960d6c3c44cf8d44c890930a7c7c5e1b0	RgypRx7Q_3lA5peIdOO2ktrzPFHpaT7FJF0Gb-nyFdw	2026-02-14 14:43:15.361550+00:00	\N	2026-02-07 14:43:15.360886+00:00
3bf25209-942c-4837-86e2-80135b832dc0	83f8ae69-6f7e-4eab-ac9f-fb2e4bc3ed29	c53a7728f06390ead8116dd6c51044d93b249408e808fa278e5330258b7a8e7e	neoTWknKknDfbvQ4v0o2PGIETlu3l_XMbb1diKYm63Q	2026-02-14 14:43:34.936151+00:00	\N	2026-02-07 14:43:34.936115+00:00
c5d5cdba-46de-4a7b-b999-e959c6966596	83f8ae69-6f7e-4eab-ac9f-fb2e4bc3ed29	c2c77c5b83d40fe2a32b3dcc480c0143368191c0efff1424c4b235f54e571a5a	P1ovP0FwMWfPelsl_yZ_GkRpulAFFFzXBX_0KoG4Fb0	2026-02-14 16:46:56.842117+00:00	\N	2026-02-07 16:46:56.842765+00:00
52d619f0-b2eb-4a94-ae69-17e5a018fbdf	83f8ae69-6f7e-4eab-ac9f-fb2e4bc3ed29	3d44986c35380fd7dd726a8fb22e68ce95e1d3944965492956ce1987acf15289	mX7tkWJIBAGiK-04EddCXMIMa3yRbyZlGXamIJMQ4oU	2026-02-14 16:47:13.284431+00:00	\N	2026-02-07 16:47:13.285146+00:00
7484f6c5-29a5-4a07-8242-e28172874e69	83f8ae69-6f7e-4eab-ac9f-fb2e4bc3ed29	ede682bd20e6a4a69cc660100d1f244256bf311e2d76d62b182bc92c17b3438b	iujHhpApxhpOPpw0F9P9uToJyjf6OWr1nrjhJsNydys	2026-02-14 16:47:26.819278+00:00	\N	2026-02-07 16:47:26.819141+00:00
53d9efca-d7e0-4e03-9bec-d8c53730aa2c	83f8ae69-6f7e-4eab-ac9f-fb2e4bc3ed29	3771d9a7d18402185782ae640f09f84f2e049dd56af4b7fab75fac8ff9e4afa0	NxkFR49J6u_QK3hTQ8gHgUsNXe7Osfle8BhI2ybu-G8	2026-02-14 16:47:40.574469+00:00	\N	2026-02-07 16:47:40.574611+00:00
a3130a67-7da7-4cfe-ae33-2a11725a6c1b	83f8ae69-6f7e-4eab-ac9f-fb2e4bc3ed29	c23ce48ce7d0eb4f9be7c3bce8f33dc2ee7c83bc990db4b08804250ef99fbc88	Kp5dMw1g1juY9JXCteKujpknbT-OHiHaI76jDy7I2ng	2026-02-14 16:47:53.984335+00:00	\N	2026-02-07 16:47:53.985129+00:00
a3c199a1-f236-4629-ab29-6c272b6ec3e0	83f8ae69-6f7e-4eab-ac9f-fb2e4bc3ed29	0f36d44cbe802aedf10605fdeb2fbbe4b7d66a94ba14dc0f57d44a1e0ec58ce9	c1UsUeUsnStikPs61kFoa1bPceJIcfzHprvomX8X0mM	2026-02-14 16:48:07.353387+00:00	\N	2026-02-07 16:48:07.353088+00:00
6e652c74-93d8-4d78-9d2e-97f2cdf475e9	83f8ae69-6f7e-4eab-ac9f-fb2e4bc3ed29	19a4320fac20e73ae8fdb70166da7370e8c345bbcf65fcf85c575da758131cd6	OFfUiybJEAccwKTAvW6TyWdRl27ea6wMZXV4VgkcQTY	2026-02-14 16:48:20.684405+00:00	\N	2026-02-07 16:48:20.684273+00:00
5cbde2ff-8732-4e86-a01b-81390bdeadb8	83f8ae69-6f7e-4eab-ac9f-fb2e4bc3ed29	0feac88852d835e8ad4304bf9d8865c0bc2b38a01ac608241b3739b109a6d11d	egmDjEZqObo7EUkx3J6wwLKPuR3yqAP7LSdgAZVVkqQ	2026-02-14 16:48:35.070926+00:00	\N	2026-02-07 16:48:35.070538+00:00
3448f831-70c3-4b53-b862-87e9a21d0cff	83f8ae69-6f7e-4eab-ac9f-fb2e4bc3ed29	78d298dc829daf9c59f48df63b2a2c2d1c864053944779465459f8e2d354da8a	boMZMkY7tKKVbIgNK3nGReazY_TGTS9Ei9I88MTbzjc	2026-02-14 17:23:39.407063+00:00	\N	2026-02-07 17:23:39.407512+00:00
e2a64ffc-114c-4019-b939-6232d15baed5	83f8ae69-6f7e-4eab-ac9f-fb2e4bc3ed29	4fc718cd32a6938ab01596f9d5b5f220eb869437c695f91efc64d8fd5a383c21	VulS5rjWrnUVnlUTUlEhCEfKP5smt-ezTXYroxYv7Ug	2026-02-14 17:23:45.561729+00:00	\N	2026-02-07 17:23:45.561676+00:00
795af4f3-0635-463f-93dd-e1d6f77f39bb	83f8ae69-6f7e-4eab-ac9f-fb2e4bc3ed29	11ee5c07e1139da3072be8c2b403faf8c7ce1195afaecd1cde3cc36ba68750af	46W6_o55V-01B5dOI9q65mA8NHKsonsIEzRUDmwb-qk	2026-02-14 17:24:02.290784+00:00	\N	2026-02-07 17:24:02.290613+00:00
590df9fc-d09a-4791-baa9-f36559466e0b	83f8ae69-6f7e-4eab-ac9f-fb2e4bc3ed29	468c582d9edb0490e10412000cf257467e7287db3e7159e8ced4a257ce367912	srkDSniRvXQ5koydOZD9-Ig5r19zkpuVvGU7RxLH5bI	2026-02-14 17:24:15.793019+00:00	\N	2026-02-07 17:24:15.793102+00:00
65262789-fd0c-4d86-a935-2fc404c23c86	83f8ae69-6f7e-4eab-ac9f-fb2e4bc3ed29	e87eb3e3c69d03909f7545ccfb080b61316ad16d5e73950d546e2b54170bcee9	hM-c7yM2ZddJDTOpOuXOdaUY4GZutb9qXdt7_qdn13Q	2026-02-14 17:24:29.190061+00:00	\N	2026-02-07 17:24:29.189969+00:00
122a7b9f-ae16-4f5a-ad53-678a57590be0	83f8ae69-6f7e-4eab-ac9f-fb2e4bc3ed29	2aaf2219c3ebf74329ab9e458311a22ce13bc39df05156532b6212a8a0586ee1	p6MR1vbbtxoDu6y26Mfafo2EsGqI7JqgXldk68Xj8v0	2026-02-14 17:24:42.601289+00:00	\N	2026-02-07 17:24:42.601618+00:00
af438bb3-649d-40a0-b84b-a71b45ca863a	83f8ae69-6f7e-4eab-ac9f-fb2e4bc3ed29	2e65ae13673ce195bd24d445d40e399d91400669aa76fa37892da7ff91fc35fe	sYn4N0xLrO9hP4rzDpbGEnu-oWUA1Kjyf_-TkMkBt-M	2026-02-14 17:24:55.858551+00:00	\N	2026-02-07 17:24:55.859042+00:00
c6ccadc8-7833-465d-bd49-1e9ce0c587d8	83f8ae69-6f7e-4eab-ac9f-fb2e4bc3ed29	e0b97c5c8a7cafa9a605f18b2f086d2c80debfdda4cb15f5d71bb6cdaec875aa	futDQhOOtJfAYOrm_02hO_XWpDS3IrUqwUw-50NIGtk	2026-02-14 17:25:09.292309+00:00	\N	2026-02-07 17:25:09.292181+00:00
427c0891-39ee-4602-a08a-c5f034216d1d	83f8ae69-6f7e-4eab-ac9f-fb2e4bc3ed29	a1c1442770b1099e0a674fd8c777e86d79b5f0837f3d03958bb2623e16d1522c	bmD1YKacI2zu_GyBjJAUZlE4gk1U3RpQg1sgQYuVFT0	2026-02-14 17:25:23.661291+00:00	\N	2026-02-07 17:25:23.661358+00:00
5824fe5c-dc2f-48d0-bed9-5033133dac2f	83f8ae69-6f7e-4eab-ac9f-fb2e4bc3ed29	7a19b7a0d0e3270498b6761e40f451b9994eb08ebfb9ff18f1e5b26052fb0cf6	LQ6Tot-5HDRtakuppIKyBgE4pv03eo--ykb1JJTDvpQ	2026-02-13 14:29:17.974996+00:00	2026-02-07 15:30:56.914135+00:00	2026-02-06 14:29:17.972552+00:00
9ad1ac9f-dbe6-4578-8dbc-9c75e606c3b3	83f8ae69-6f7e-4eab-ac9f-fb2e4bc3ed29	29a843e3537b1aef975f49282ce7c2a6510348709fc8f468f93947a1d2a0d193	ZhWuc_wFQ0kVta51kLZcV0SrG1Vvt4Cpg4TWUM_7AzA	2026-02-14 17:32:25.549451+00:00	\N	2026-02-07 17:32:25.549833+00:00
82b99aea-84f9-4e9b-aff3-92c5f1e6cac9	83f8ae69-6f7e-4eab-ac9f-fb2e4bc3ed29	1863f9b779e8bc881f9bd2c0fc0f7ef91fa3fe80c2788b8dc86eea01e1aa2668	JHWm0dOyicXyAMCND4-NpbJb6Zr8zDyO_Qv7lvipezI	2026-02-14 17:32:41.733285+00:00	\N	2026-02-07 17:32:41.733029+00:00
bc7a137b-a6e1-4b67-bc62-23a7f427ac73	83f8ae69-6f7e-4eab-ac9f-fb2e4bc3ed29	9eca8bf19fd8dad23da4fdc646a55f94b7a28b1419440bf34bd4e7b2be33c22d	sqSnwBWhHPt9Xnlu5yiCJOEWRotJ_P6kimeqic9uF0c	2026-02-14 17:26:07.300236+00:00	\N	2026-02-07 17:26:07.300372+00:00
c2a33760-3748-4799-a187-e3f7fc824ad8	83f8ae69-6f7e-4eab-ac9f-fb2e4bc3ed29	1c3cd7a1f85c1bb56b6e6647d1b13df51100300af47dfa6a5c8f3517d559f732	EJMudvArFYfTJVFZDMwFXFtM6zReeiT_AeIMaVEItZA	2026-02-14 17:26:23.781904+00:00	\N	2026-02-07 17:26:23.782271+00:00
fff3e1c9-048d-42ef-afc4-6c444a75f494	83f8ae69-6f7e-4eab-ac9f-fb2e4bc3ed29	c2532059b287beb44a73ee04e46f323ef3795760d821a5a670f6388ee2ed5e99	RQyvKJFBN4lNBYLoyoIj9dTBhVpuCxRd0Qm_mIr8tOA	2026-02-14 17:26:37.390275+00:00	\N	2026-02-07 17:26:37.390007+00:00
4fea3a43-ea31-4115-8bd7-ebf49904925a	83f8ae69-6f7e-4eab-ac9f-fb2e4bc3ed29	a83b8d19181e6a7f49c9e047dfeb4050e50f2e4c17ac1323b936cfc0b071b852	5xVfeGLTQjxE-RDDTIbWIdK7nMiJ7VrxBMQOYFZoiZQ	2026-02-14 17:26:51.162171+00:00	\N	2026-02-07 17:26:51.162114+00:00
4b1ad5ab-dd87-4ae5-9fa0-cc7a2107a85b	83f8ae69-6f7e-4eab-ac9f-fb2e4bc3ed29	4074c5cfe31c5555f643ca23afffec43eb31e64636715d00318478b4838976fd	EWkv5JmP_iLYX7TNFJlbuLSq5HJllldoi1prqyFYF0c	2026-02-14 17:27:04.581920+00:00	\N	2026-02-07 17:27:04.581669+00:00
1dc32e0c-98a6-4545-8b48-11096d6e17c4	83f8ae69-6f7e-4eab-ac9f-fb2e4bc3ed29	1d707ace87e787e2c5b94e26579315d1b48ebd340b213137bf656bb74a4815dd	k12PbIZfVZmyLznHim7ouIDq_CRZCJAhMVjlaVmlAAc	2026-02-14 17:27:17.918653+00:00	\N	2026-02-07 17:27:17.918617+00:00
ef7b7e0e-b526-4ec4-b25f-a0da180c0b12	83f8ae69-6f7e-4eab-ac9f-fb2e4bc3ed29	57a621af04c9da290d21f74e2b98c6122c1fc49c2c35c6575738fe740907bc8c	ghCNeuMr8lEWSAYqJNtvIYo7qy8HX1059qra7OE5BQM	2026-02-14 17:27:31.244499+00:00	\N	2026-02-07 17:27:31.244305+00:00
88742499-fdb6-4cd4-9c4a-96ec415aded8	83f8ae69-6f7e-4eab-ac9f-fb2e4bc3ed29	f2155d3e1dc9d8973f7d404bb7ac1efe421fd44449722e30ff33cd06c08e4b5f	IiTerVw5xaaQc5i4lRr13XVJ9oaMZ5C7eKsbY7neNcM	2026-02-14 17:27:45.825284+00:00	\N	2026-02-07 17:27:45.825570+00:00
c8ac3e9e-e1d2-4053-b243-f3d6a3a7928c	83f8ae69-6f7e-4eab-ac9f-fb2e4bc3ed29	fb9edda91dcb40ee753540bdcae9de1a30306d59fab4d46d6ea2df5dc1e1caa1	GRArkzl3ceBVrpSNKl_Jnau_1MUok9aCJMDeuupUCSM	2026-02-14 17:29:18.753756+00:00	\N	2026-02-07 17:29:18.753895+00:00
f4cfb917-f69a-4f3f-b679-4d90bdcd4cea	83f8ae69-6f7e-4eab-ac9f-fb2e4bc3ed29	acb18c7b4a947f0052d7c598e7c7ebb380b344931af586ba6c0a3c54efcc77b2	tWf_nGra_JMGXhNuB3kr2I9bot0ZGxhHaq66n0U7muk	2026-02-14 17:29:35.317619+00:00	\N	2026-02-07 17:29:35.317577+00:00
d790aa73-826b-4d23-8dda-f963726d4b4c	83f8ae69-6f7e-4eab-ac9f-fb2e4bc3ed29	b4e9492e859e4ee792d4fa33a5c1116acd0a01b27bcf8bb57144977693a9abeb	1QKohLAgeQHQlLVB2wUVtnLpnszzUbQb9D0JWgrDQmA	2026-02-14 17:29:48.736900+00:00	\N	2026-02-07 17:29:48.737150+00:00
fc13099c-7408-4a1b-8b91-bc6b049d867d	83f8ae69-6f7e-4eab-ac9f-fb2e4bc3ed29	180e5da7068b76f12cdd7e4db342b6e14e471e65e0b5379fb953a88a5e2c8009	skwi_DOskCHXCL7_jBOJiIXVzb1FpAg72-s5tSvjLXE	2026-02-14 17:30:02.144175+00:00	\N	2026-02-07 17:30:02.143786+00:00
d50028ac-df18-4840-a297-b3b041958193	83f8ae69-6f7e-4eab-ac9f-fb2e4bc3ed29	bb6174f34e997d5f30d4d60f9adb5ef8a9150f1c5e98500d1c0b44f607d726a2	eulO53lXKAPgkUoFxC-8xnf58XIOhOwK5GkuUO0w_v8	2026-02-14 17:30:15.458477+00:00	\N	2026-02-07 17:30:15.458515+00:00
e9a4f894-bb39-4aad-9fcc-fcff2a5b86c2	83f8ae69-6f7e-4eab-ac9f-fb2e4bc3ed29	b09899b838a9c156398ca37dc3a8729ff3eb1af8185d8d9ee722524c2ae86243	731T5KUvL8F7yMUMcUfb31UMBk0lbN7MwX2XytMfaaA	2026-02-14 17:30:28.834154+00:00	\N	2026-02-07 17:30:28.834074+00:00
b1e13229-ae18-42aa-b33c-d74090e4afb2	83f8ae69-6f7e-4eab-ac9f-fb2e4bc3ed29	4ab17eafe3859f81bfe458c0c327286658a17b3cea34f67c18aa92a5de99fe2d	odeg8wQU1tChqyepqmwvcvo5Nv5GtGdzSSm_hpFSPnc	2026-02-14 17:30:42.354963+00:00	\N	2026-02-07 17:30:42.355185+00:00
bc6b8b97-6b28-43d5-99ec-2817a3339b86	83f8ae69-6f7e-4eab-ac9f-fb2e4bc3ed29	9d4f2e330ed27ab4685cc86679504f1479b8e7c62f8ceece892ac824789bd974	JGddFulAagYSP5hie9I6evc1kqUc2JYXZl2BS7poLlE	2026-02-14 17:30:56.704683+00:00	\N	2026-02-07 17:30:56.704591+00:00
aca7c52a-1bfb-4b35-8d63-e640d1de89c4	83f8ae69-6f7e-4eab-ac9f-fb2e4bc3ed29	ab0b2113ee0538768acd7296c2489283ba74bdc47e3c68152ffd998b90bfb761	9Ug4CbLDgTkTQPMdrbh3fQ2QmdhSHXlO5dDjzafSt_Q	2026-02-14 17:30:57.063616+00:00	\N	2026-02-07 17:30:57.058315+00:00
f3bca7c8-24e8-4f83-b676-5bd7a3fb65a7	83f8ae69-6f7e-4eab-ac9f-fb2e4bc3ed29	6e531a63aad9c879e010481092c19cfbd5b5f5d165bb578edce843100a8b66b7	aaEiurI-KiZw1j7NL02msFPEI8TzAmVryyh1UP2mLLw	2026-02-14 17:30:56.914231+00:00	2026-02-07 15:30:57.062595+00:00	2026-02-07 17:30:56.906140+00:00
e68c1a58-11df-4172-b964-28e101353afc	83f8ae69-6f7e-4eab-ac9f-fb2e4bc3ed29	c28323e1fbf7892c5fc8c913af50d22066c126e9708adb5e48eab2cc07a0f91e	hNrkBfsNQuDSSgZiqMa1H9nrrCZo0yZT7WQPp1Ns7So	2026-02-14 17:32:55.303171+00:00	\N	2026-02-07 17:32:55.304039+00:00
7c54a5f4-d269-4f99-9d20-84ac651c809b	83f8ae69-6f7e-4eab-ac9f-fb2e4bc3ed29	d90cd266b4a6438d79e892dbd6a5847a989cab245a97539b8a9e395ecb13ce98	_gKAD5EY3eKHzWsIV8QS_s_PLsf9PWmkE0c_KaVkmb4	2026-02-14 17:33:08.770961+00:00	\N	2026-02-07 17:33:08.770818+00:00
a14a940e-bc64-4cca-b961-d48883b03d9b	83f8ae69-6f7e-4eab-ac9f-fb2e4bc3ed29	80ddbaa183290e2adca769d9fc2e7262ef1a6a982df76b46565a7ecd6fa299a2	8U3VvbLup5u7xYqLYrFEmTFWErDZFUmlV6f_0eAqeD8	2026-02-14 17:33:21.685736+00:00	\N	2026-02-07 17:33:21.686221+00:00
93bc4819-82df-49c4-b76d-7103a0edd1ac	83f8ae69-6f7e-4eab-ac9f-fb2e4bc3ed29	6a40a47aac56bd8b8518c85a47f8c9170444debe0e6fc2ba7c6978da5f3687dd	OU3l0nfpk63J8H8p39nef8IyQejYp9JBnVP4tVI94iI	2026-02-14 17:33:35.066422+00:00	\N	2026-02-07 17:33:35.066021+00:00
2d934892-f56a-4d7b-b5e5-e90a3c5a04ec	83f8ae69-6f7e-4eab-ac9f-fb2e4bc3ed29	6ce75dc2133c103bda8aa3f963ca81a643b6d7f3b23291b6db516d8bce6344a4	gCo_8t-jVufFsET2a-YWDG-qmM9RNTcdit-pq-CxX10	2026-02-14 17:33:48.510784+00:00	\N	2026-02-07 17:33:48.510748+00:00
4bbeef21-4329-4f5d-9f2e-09f81b679868	83f8ae69-6f7e-4eab-ac9f-fb2e4bc3ed29	28f4f2f3245eb5c8d627c5215dc1e4bf77db3b222a364111d1a448634f38d037	Ftcv0TSHH8PB8tyizz0Mwel6qhh4kpyq5e_MBgcs6BY	2026-02-14 17:38:50.249412+00:00	\N	2026-02-07 17:38:50.249358+00:00
16045b8e-e477-4a1c-b48d-89d848cc5d12	83f8ae69-6f7e-4eab-ac9f-fb2e4bc3ed29	0ef6dd3226d35d51a9b02396262dfd10c117368d8b450c94bba3472fcc9cf838	2W1wMn-aqGvD52zLH00mfJV8BNELrwWjV9zQL6q34ns	2026-02-14 17:38:56.216315+00:00	\N	2026-02-07 17:38:56.216316+00:00
d076f600-e02a-40f0-bf8f-90740cae612c	83f8ae69-6f7e-4eab-ac9f-fb2e4bc3ed29	4c549987812e8b80bd4e7e44d82cf189e8b8bc63bb8d299ab066686835d3d7a4	n4i06y_5_NivPxv-MLJLl9FWF-95CKfLOfSpyJU9fuQ	2026-02-14 17:39:12.965961+00:00	\N	2026-02-07 17:39:12.965986+00:00
cd2fae85-3741-43f9-a09d-89812bfeb03f	83f8ae69-6f7e-4eab-ac9f-fb2e4bc3ed29	d576950fa6e939938857d9ed2005771498b42d5cb3ee7fb6bc71055db9612d02	cai29-dpk1BtPplbfTcQtczvDf-E7pfmKKfAEN_qx8E	2026-02-14 17:39:26.635373+00:00	\N	2026-02-07 17:39:26.635311+00:00
984528a6-682a-45eb-bd34-f9222b19a30a	83f8ae69-6f7e-4eab-ac9f-fb2e4bc3ed29	4c367c3d03ddb892301ca1d061343a3b0f101ef5b909a143dc18ecf741012ec9	hPz0fDEig00JJySvBfCcebGReAokCV1uTdmwA3Sf1WU	2026-02-14 17:39:40.345382+00:00	\N	2026-02-07 17:39:40.345695+00:00
a7622198-57a7-4612-ae3c-1d69d24fff86	83f8ae69-6f7e-4eab-ac9f-fb2e4bc3ed29	02b56a789ef9215e24703745b17b2a42bf880d90fa4d955cfe1958b3706a6a47	0JWtZ058cd3edkrUdJUysE58S5EnAyPFFnAYW0Nfe-k	2026-02-14 17:39:53.745215+00:00	\N	2026-02-07 17:39:53.745457+00:00
a34bc0d2-b1a2-4596-9eb1-2a1fe295bc57	83f8ae69-6f7e-4eab-ac9f-fb2e4bc3ed29	8554828fadc6621c53d381555cf461e9298e572d1e758d87595384c0fa240a44	2Dv-L4fAM2vgXUAtIaZfOoRToUHj2s8uv_pOScLGVFA	2026-02-14 17:40:07.097787+00:00	\N	2026-02-07 17:40:07.097688+00:00
d77e6e59-3b9c-4378-b942-da613a589908	83f8ae69-6f7e-4eab-ac9f-fb2e4bc3ed29	5adcad6f5d6d664aaac6d14ccd5d999a97d687bd1b38507ad0f2b666ed04c05c	lYw7o_4-TMh7RPWKE3a13oQKVbP5WJ-sMTJegUp0pDw	2026-02-14 17:40:21.265165+00:00	\N	2026-02-07 17:40:21.265258+00:00
5452696d-9f9e-4c15-b357-03b96b62f14d	83f8ae69-6f7e-4eab-ac9f-fb2e4bc3ed29	690c7269ecf8e9942ae35070f93a8b0235609bbce331870c3599cf63b32cae55	-x7-l2RS04BH2cKWofaByk0PK1QXIXsK4mz6cmhFZ5U	2026-02-14 17:40:36.551039+00:00	\N	2026-02-07 17:40:36.550562+00:00
2bf7f021-fba3-4679-8783-86f2d1c8a91f	83f8ae69-6f7e-4eab-ac9f-fb2e4bc3ed29	271eccde83c12e050a03cebd28b586761a206850668f37bc164534a3f62229bd	c7Q0Tvymaqpvj38VJT3vg4UxF7Gey4Y28hzThZmFsLU	2026-02-14 17:41:39.605853+00:00	\N	2026-02-07 17:41:39.606578+00:00
db2e236b-e551-4bba-8bd5-949f9a008529	83f8ae69-6f7e-4eab-ac9f-fb2e4bc3ed29	71b19ecc1d7f2241055b86ef2d4b7cfa633e0042845412f8cd3ee1e022dec97d	haCbyAjXXXnlwCDDfdjyyMDFJJBm_mrw5MIRGZfMVQ0	2026-02-14 17:41:55.996235+00:00	\N	2026-02-07 17:41:55.996731+00:00
9a531b18-a45a-4732-872c-fb525f053859	83f8ae69-6f7e-4eab-ac9f-fb2e4bc3ed29	7f129cc7fbbd5fa2726f1e4863be67acf8bc40a3c767092d250764b86a3fde5e	vavGbehISXmiP0V6ArfHgWaCLNoBJC-MTNk8RdvWweE	2026-02-14 17:42:09.619026+00:00	\N	2026-02-07 17:42:09.618328+00:00
2871696a-b880-4bd4-a841-f2c8cfa8cbce	83f8ae69-6f7e-4eab-ac9f-fb2e4bc3ed29	52b697c554327aa3eda6ee8268cf89e103f0f6ced2d995052a41753133980a18	gksbkXc-hEJaueTl6VDzThA889VAczQXfVM17SayJaw	2026-02-14 17:51:37.787913+00:00	\N	2026-02-07 17:51:37.787572+00:00
b4981d52-c534-4e61-bc45-e53c8f093de7	83f8ae69-6f7e-4eab-ac9f-fb2e4bc3ed29	10a5685339447e904aa7396ebee6687018c1561bcb70d23450a5e7af5c65b331	jQ2XBe-vvki7-2DwQZLnD3Y1c73Sd8Nr6H88QDqg5V8	2026-02-14 17:51:46.354770+00:00	\N	2026-02-07 17:51:46.354517+00:00
601803e6-42e8-4ca0-a2da-4187f61b6ad0	83f8ae69-6f7e-4eab-ac9f-fb2e4bc3ed29	a7c14c41c78c212e344df8e4b6b76687a1725381e88a9e536ce178aa0aa5279e	gQ36CHdR1Mj_ff2D_ukzMsZp9DMP4dSvZ9AYGOv600w	2026-02-14 17:51:57.991090+00:00	\N	2026-02-07 17:51:57.991110+00:00
178cb564-aca1-403b-91fc-2bc63cb73dc4	83f8ae69-6f7e-4eab-ac9f-fb2e4bc3ed29	eb8f32a8b39b368d0661b77feb266c4385446dadaa0fcbfd176c6bb623246a97	AyWM84oImWax4_j9MgppXZr4pe6qfmyCtT_ypWkRHKw	2026-02-14 17:52:09.487086+00:00	\N	2026-02-07 17:52:09.487216+00:00
b0b58935-555c-4bf3-90fb-8b183bbd4d08	83f8ae69-6f7e-4eab-ac9f-fb2e4bc3ed29	48527129ba4548ccd41055b404e410524c092631f8b66a7d1548e12462522d1a	ypf1hjV-DPKC7c_kAZTnvFuwfL59S07THgfMMFymWgA	2026-02-14 17:52:21.150550+00:00	\N	2026-02-07 17:52:21.150857+00:00
3c47dfec-8ca8-49ba-bcc0-a994d239ca6c	83f8ae69-6f7e-4eab-ac9f-fb2e4bc3ed29	1b0c91afc86a2e82c8fb16d9a98658656b54f7d72b1860e564da95d465b57fd1	5byDs26BGLcAjmerqEeaT5gSumI5ehMTt7xc7KZ4hJw	2026-02-14 17:52:35.483266+00:00	\N	2026-02-07 17:52:35.483428+00:00
610627e8-62a8-434e-8b53-ef796c9d5dbb	83f8ae69-6f7e-4eab-ac9f-fb2e4bc3ed29	4e9ab0a9d6c195e5acbc877b6579ef32634ee1f618682c449edf514d82e946de	khxDh_bgrIjMWZA2et8_FzTLC_cD2R3xwpvye2N5Sxs	2026-02-14 17:52:46.768151+00:00	\N	2026-02-07 17:52:46.762306+00:00
7089b4fe-b823-4cc9-9b71-f3eda3547dca	83f8ae69-6f7e-4eab-ac9f-fb2e4bc3ed29	b1234494ec665c1e38e8310ef85400d6ec82d1f7c2d53e492e49c4d35a044ba4	GZbmXyETqR4_x_dmDaQtt6IRamxgp9zOZk0jN7kGGFw	2026-02-14 17:52:57.779357+00:00	\N	2026-02-07 17:52:57.778717+00:00
1af56c84-d493-4626-aa41-5a94796f205a	83f8ae69-6f7e-4eab-ac9f-fb2e4bc3ed29	b1d0ce134428c869d9c6d1adef5268919b375119d146d5548f5c0b3cbd381bf2	2aTBDpSvBQZHg3vdG_ICYbowdtilFoqHj7G5yUpBTyw	2026-02-14 17:53:12.920213+00:00	\N	2026-02-07 17:53:12.916528+00:00
4d6fbc90-80df-4286-8876-27ab1a051ef4	83f8ae69-6f7e-4eab-ac9f-fb2e4bc3ed29	816d0442c687fdc5f57bc3f4fc6f1577504fe5424f213f4b560c8e8b0ab0b67f	7ViOrahx08dRWRzuPHUXE-tpGlZvTsJ24Lc9hiZVYSk	2026-02-14 18:00:20.541505+00:00	\N	2026-02-07 18:00:20.542175+00:00
ffd3ef63-1585-4a7b-b8f1-297cd037843c	83f8ae69-6f7e-4eab-ac9f-fb2e4bc3ed29	4f94739f3aa680d3c7041a24e53dc9ea7d47597617825db47fb277641f5fa64a	cEc53Y5kIkPI1DCY-yfNzeIIlOrbRovO8RWpvY-2ZRo	2026-02-14 18:00:24.168438+00:00	\N	2026-02-07 18:00:24.168208+00:00
17df8a15-5a09-4d44-8912-2c252c234faf	83f8ae69-6f7e-4eab-ac9f-fb2e4bc3ed29	da2cdc06c4c485205bbfe0a2bb6d7fb35e5ecb05a9aeca1bdbc08d6befb98e53	RVsCjuIObTr7kP4ic4oWPfmZVFSJ0sDTSeMiAL4KUz0	2026-02-14 18:00:35.803393+00:00	\N	2026-02-07 18:00:35.803088+00:00
03bb2519-c993-49b9-a50b-73aca96f35d4	83f8ae69-6f7e-4eab-ac9f-fb2e4bc3ed29	b1e137a03d24178688f048ed866afcf69c301efbc0d904b3127100aa419339bb	NYr2XxldbtqNdCprZf9Egk44y_2yNaWDhjbTPs8gDHY	2026-02-14 18:00:47.174547+00:00	\N	2026-02-07 18:00:47.174366+00:00
2dcb1e4c-38ba-4e8a-8fb3-d7410de6fe54	83f8ae69-6f7e-4eab-ac9f-fb2e4bc3ed29	5bda1c7eb4cd70e4c6b3caaff1b5e30e6ccdb2b622804db6e00a8bff275e5ce0	zu3gi5WsJDWucR4k1oXnftVJfqGkNA1K6am0f4MXkVk	2026-02-14 18:00:58.408006+00:00	\N	2026-02-07 18:00:58.407821+00:00
f8bceccd-01e8-43f7-ab5b-d22299f9babd	83f8ae69-6f7e-4eab-ac9f-fb2e4bc3ed29	424d311124d372457ebef884ed52bdcfd4a5067ae03fb35cddd23ee7717c5ab6	6fQWIq_aUt6ybYDqmqlCL973SsnN1s-P2FhZFm_-hMc	2026-02-14 18:01:12.587244+00:00	\N	2026-02-07 18:01:12.587182+00:00
d571e15c-dbfb-4d98-ba93-a21c74ac35b1	83f8ae69-6f7e-4eab-ac9f-fb2e4bc3ed29	a7832de85c99ccb81d29517d8ba537b3d4ce296601272d7b0afd875329e4f78e	igcnZlFgqGrjzj-m4NQqHwVsPTiRrHZwg-CgjWPzv7k	2026-02-14 18:01:23.649470+00:00	\N	2026-02-07 18:01:23.649628+00:00
6397c0c5-c0c3-4e84-91cf-a3f4d6417a5b	83f8ae69-6f7e-4eab-ac9f-fb2e4bc3ed29	dcedb48472a544c0c0e7b6e20887d553483cd571e8611e59f7402009241501a9	llVIuWZRvF82Y5JiK3_TPyHTZ0L717FuZh5HwqMEGP8	2026-02-14 18:01:34.853110+00:00	\N	2026-02-07 18:01:34.853526+00:00
5a142cf9-bfd7-4c64-bfa3-021580cd823b	83f8ae69-6f7e-4eab-ac9f-fb2e4bc3ed29	2a9fe62b170b490b7543285ce95a95f4fbd9a7c2ed2bbfbbf3ee9d03ff03dd74	MpAT6P7YYLVefdP6cfQEmFDqGpruD1kh4W4iNZeQMIs	2026-02-14 18:01:49.790001+00:00	\N	2026-02-07 18:01:49.789731+00:00
af398db7-892a-4030-900b-ce6464b9ad49	83f8ae69-6f7e-4eab-ac9f-fb2e4bc3ed29	7d66e2b820528e88dc422d13e5dacb8911d1db424aa8feace2386a89955431d3	AjPVMPjlVOZVIHAhRoW4wS2U4tk3Lj7WM7TuIH1ndd4	2026-02-14 18:28:47.486716+00:00	\N	2026-02-07 18:28:47.487106+00:00
a243deb7-9fd6-4035-83bb-2acdc5c91b82	83f8ae69-6f7e-4eab-ac9f-fb2e4bc3ed29	c14f5f264f31b38da5edf57ea8244119e0a8ae4e406038cecb968c423bffe957	jpaQilXT0UyYamow3HE3FlWAOJq7fYXawm-oKYRAvU8	2026-02-14 18:28:51.469279+00:00	\N	2026-02-07 18:28:51.469062+00:00
377b4856-6210-4d7e-95de-32987f3384ba	83f8ae69-6f7e-4eab-ac9f-fb2e4bc3ed29	37170b6d219503a60bf6f66ddb5a30b6bad050491c8ec375306e1cf750c9523b	keBP3hZLF62Dg6AM8ygWbDtHz78O_h_GpsR1NH-pztE	2026-02-14 18:29:03.066041+00:00	\N	2026-02-07 18:29:03.065444+00:00
7a260f9e-5802-498c-b309-f82db30c3b22	83f8ae69-6f7e-4eab-ac9f-fb2e4bc3ed29	22b9abd83c5268a066e03f664b651a03d0de82e773dc102afa3efdc0304f3c18	qOolSY0gDZ_oW1eMDEuutbbfmqiOmZVI9lkkunL0KUk	2026-02-14 18:29:14.643429+00:00	\N	2026-02-07 18:29:14.642828+00:00
7552f6d6-7ec1-40af-9b0c-0796e54508cb	83f8ae69-6f7e-4eab-ac9f-fb2e4bc3ed29	77569acd74cf199c0a032d613285d67b2bc833a9fd48ef1bcfa08da5b36a6813	RbNjIYLhGLbnjcTkrItvlSBh_Je7dkkOKRf86F8PF7w	2026-02-14 18:29:26.060720+00:00	\N	2026-02-07 18:29:26.060076+00:00
b0bfd960-8834-47ea-86c3-af84efa847b8	83f8ae69-6f7e-4eab-ac9f-fb2e4bc3ed29	63089df3db901d7db5bff7e478e2a37dacbded17e01b9e8a79048727fa462146	HqPTR3DKbnMoMnAqbA38ViD8-fe2QhkrejtwTX1rU8o	2026-02-14 18:29:40.345612+00:00	\N	2026-02-07 18:29:40.345425+00:00
986ef11e-3760-4279-b743-938e8e8dfbb2	83f8ae69-6f7e-4eab-ac9f-fb2e4bc3ed29	7cc6330ff87e623dd1968be8909419e7dc27ccee17e99f374339325e59b0506e	KQMlZDEhcDfMuo-l19mniI59BKv0AdgnCuOQ0rTxnR0	2026-02-14 18:29:51.616593+00:00	\N	2026-02-07 18:29:51.616154+00:00
adad060e-2ede-4003-a372-13aeb7b578d2	83f8ae69-6f7e-4eab-ac9f-fb2e4bc3ed29	7ca3d0d7f42231465825d39cccb44d00ccaf78e42c8afa98e3f03255cd86e540	O96g5nvoH59055D9Ona5ybX0lDS-i53aXtQpNZF2PTg	2026-02-14 18:30:03.263731+00:00	\N	2026-02-07 18:30:03.262987+00:00
3f464abe-3f65-4822-b37f-dae56392ba3f	83f8ae69-6f7e-4eab-ac9f-fb2e4bc3ed29	de42e19d2e19bc77e389f1859618b33566f408c2e862fa00e8c8adec7b8a5960	4rDW1VmA3ZqzM-6LnjHkzbO8uHxseJ4EshZM0jj5u7Q	2026-02-14 18:30:18.464688+00:00	\N	2026-02-07 18:30:18.463930+00:00
6dbdab35-e437-40b6-830f-2e60403f396f	83f8ae69-6f7e-4eab-ac9f-fb2e4bc3ed29	9e310faf5ba636154047e60160990a2a506e4683d3bb60d9d99f598c6a6f492d	njeOS1R6-qOpHAFV1Gew-CDxPx3gskISlYKJJysSxTY	2026-02-14 19:06:40.559925+00:00	\N	2026-02-07 19:06:40.559764+00:00
ecf28a21-99d5-46b4-b47e-cbee8d3c5d49	83f8ae69-6f7e-4eab-ac9f-fb2e4bc3ed29	92374f0e74b68455695eaaaca0c1bc837cfcb9c23b0fc3fa6c6758ef0502381a	IBvkmERMT_0ETgKA74BtDf_rD4H6V3fJptW-lOfsZuY	2026-02-14 19:07:31.760505+00:00	\N	2026-02-07 19:07:31.759820+00:00
8bacbddd-e111-4410-88f8-c72185f74fff	83f8ae69-6f7e-4eab-ac9f-fb2e4bc3ed29	22df02f101ce86bc50c53124c4b35259d93e055a6f023e2708d76bc34966e140	jPxgIR1yL7Svvju0WByQ72GNnKI0SunRNIMdzJj_V3w	2026-02-14 19:07:43.369417+00:00	\N	2026-02-07 19:07:43.368760+00:00
5dbe50c1-750c-4876-a9f8-4b0d009ac935	83f8ae69-6f7e-4eab-ac9f-fb2e4bc3ed29	d844d29de5c35214974ce34062de625614cf7ea08e0c54a11b1cd4bf3f36f22e	T5J9CGJ68UutVS44QgeavED8XhjRijtUGMhulwfL6QQ	2026-02-14 19:07:54.481368+00:00	\N	2026-02-07 19:07:54.481377+00:00
a95e1e0c-a5a7-43c7-bfcd-437739a77e4f	83f8ae69-6f7e-4eab-ac9f-fb2e4bc3ed29	20b3a46cc89358e6dabfb422bfea342c30a1c058fcf07a4e7c3833162e0cee6e	_bhjxSRaVblKMcApzcF2wAtLMqXjg2VKjeenK-M4LR0	2026-02-14 19:08:05.537170+00:00	\N	2026-02-07 19:08:05.536531+00:00
38cea6cb-252a-4e14-ba5a-458d95672c27	83f8ae69-6f7e-4eab-ac9f-fb2e4bc3ed29	4cb005f327f15d64fb55db9045daa9f87eb3a50b26df450ba45dd54075e1b351	muY0fx4PZoV-FyhGVM7K_6H7RvX-Lt4Z-HM3SyuZBM0	2026-02-14 19:08:19.484845+00:00	\N	2026-02-07 19:08:19.483876+00:00
f1d351eb-b7f1-4cf4-a7e9-9d8f126e1f05	83f8ae69-6f7e-4eab-ac9f-fb2e4bc3ed29	cdd81d4a51998d09d3b92de53bfac12bb55efaffc274ccf8a444582a20b17cc0	JAZtg934Apph1d_o9qnB1VAn7W0u0xGhJy9O-Xs_A30	2026-02-14 19:08:30.850850+00:00	\N	2026-02-07 19:08:30.850043+00:00
ef8fb13b-eabb-45d9-8315-375043ac221c	83f8ae69-6f7e-4eab-ac9f-fb2e4bc3ed29	422eb65c97ccf1da5d1d540decdfb359834169178d2f3d181663ccbe3000000f	qN7gUhZC9OtJi_If_QQh4VPlJe0L4YijcV5H33AJs4U	2026-02-14 19:26:38.131733+00:00	\N	2026-02-07 19:26:38.131961+00:00
e7141f8f-b08e-47e8-8800-2844442830c1	83f8ae69-6f7e-4eab-ac9f-fb2e4bc3ed29	b069f6d10c204dd04810873816d98cbbe8e4b5dc172010b0bd69ed845e0076ea	_U0bZZvOU7FfLfB_eCZSCdfMfUkU_jyK0gwcdz-XX3I	2026-02-14 19:26:49.609410+00:00	\N	2026-02-07 19:26:49.608869+00:00
ef38ebfd-ab2a-4746-9735-29dbfff9554a	83f8ae69-6f7e-4eab-ac9f-fb2e4bc3ed29	41fa7ff40571d66607d68a50ed30d4c55a0029bc94b9c00971d3557bb847bf82	89yXQq_jE7IyUKE1QaKw3D8wc5HE9DehKTRUF4e87OA	2026-02-14 19:27:00.867335+00:00	\N	2026-02-07 19:27:00.866414+00:00
e60c0be7-f36a-407a-a54d-e4f670ebc8c5	83f8ae69-6f7e-4eab-ac9f-fb2e4bc3ed29	a5da57e3daa73803656dab97aebe02d8fac7cac63a219763d6708a0142cd7ec1	yoj4Rc4g_x_w4br8jJDzD8AQtsfb_jyuksxz8DosqEI	2026-02-14 19:27:12.650943+00:00	\N	2026-02-07 19:27:12.649881+00:00
25078b92-1c86-44cc-bc8e-ca4585c5ea1c	83f8ae69-6f7e-4eab-ac9f-fb2e4bc3ed29	dbd4755f2a0d610d298f11ca199e6caad4918ac15ad93b3c6dcf0027710ea2e2	-1kolshXfuC7-cKrr4Ov7KA6NwcKXPiJ-CaoaM8ysGI	2026-02-14 19:50:28.100588+00:00	\N	2026-02-07 19:50:28.100227+00:00
69dd840d-6b24-4422-bbae-2efda34edeb6	83f8ae69-6f7e-4eab-ac9f-fb2e4bc3ed29	65ad4f39eabe76d9dfdfd8364f2be6c666a2667f15fb140456f1edc4766fdea8	hl3il0_nY3uCFf3-0_YLICgwlPaIBHcYbww6fmB9Rl8	2026-02-14 19:50:39.475454+00:00	\N	2026-02-07 19:50:39.475058+00:00
0824f168-fec0-43d8-8ea2-a109d856f629	83f8ae69-6f7e-4eab-ac9f-fb2e4bc3ed29	76d2c01c33c671da2060e1cee35007a5a19a366839ab5b0260c1d083fc368380	oJc-haMb-77q6v2x8qwl2MGPe2q-wcRLR8rIlB6B92I	2026-02-14 19:50:50.676829+00:00	\N	2026-02-07 19:50:50.676289+00:00
26ff2a5f-eb86-4075-9101-01201c83b4d5	83f8ae69-6f7e-4eab-ac9f-fb2e4bc3ed29	a00ade164b17e953197ebbf9fba0e8d873ebd1501e8e385a9fc2e14f31e24c57	JWMYbtUZY0AZgUcRbegChj5EddHU-Oxsw6D9biRKqsU	2026-02-14 19:51:01.668716+00:00	\N	2026-02-07 19:51:01.668356+00:00
7d799fee-864d-4b57-ae05-d25c03f1449a	83f8ae69-6f7e-4eab-ac9f-fb2e4bc3ed29	29b803a6031fdf3234bacbf251b5a8745380d30699d835ad0b879119b1467f81	FP3Bb66nGAtG-zUZ9ML50DHZyMXr7YO7i7gd9O2MnAc	2026-02-15 09:15:55.859046+00:00	\N	2026-02-08 09:15:55.858920+00:00
fd4d316d-d6c8-4fb1-bd88-b9843d83c2a8	83f8ae69-6f7e-4eab-ac9f-fb2e4bc3ed29	3f519385a027c7de24927e6dd7b94438c34e2e9fc03cdc1ffc18c06b2f93eb11	Ew7Tu3ybvNo06WF8Su8MxybjAgvYC7hZAOMkoP1GK74	2026-02-15 09:16:06.849740+00:00	\N	2026-02-08 09:16:06.849144+00:00
6d945f07-8159-46a4-a25c-fc729ceaeb4e	83f8ae69-6f7e-4eab-ac9f-fb2e4bc3ed29	4513ba5f6ec8505494887448fe3bb4699de91d2ec6b7e8f72e5768b032449d0a	hg_M7BoRXFK1CkGsHPew4WQdPo6JhtyF_ducxd6KW1c	2026-02-15 09:16:18.269263+00:00	\N	2026-02-08 09:16:18.268912+00:00
107034d8-a996-4eba-aba9-869cc1f0c8f7	83f8ae69-6f7e-4eab-ac9f-fb2e4bc3ed29	e72760a2e06b543487e56f820b91b0fd7ed747d821905d940dcaaceacb5b013e	vvmpRbPEhM05nn4zwbQrvwSwbW0_nIpOHJJk6XksA_s	2026-02-15 09:16:29.836364+00:00	\N	2026-02-08 09:16:29.836119+00:00
750adc3e-8edb-4cc0-a568-007d4a9ea327	83f8ae69-6f7e-4eab-ac9f-fb2e4bc3ed29	5374945e1f55da6d6f38159d8bbac4fc84c6cac2226f7ffa9bafb66a51cc4c5e	0Zd5J8r9SnSi8qnm66V6ZuNOjoIbd9f2oIzl6xpeRqE	2026-02-15 09:19:49.767670+00:00	\N	2026-02-08 09:19:49.767884+00:00
46feaed5-b01c-44e0-84f0-5c46e03df290	83f8ae69-6f7e-4eab-ac9f-fb2e4bc3ed29	63f3fb72e55fa218b5f0a745ae05c119ec1107adbe6356dde652306f475f1fa2	43ZAlB9hA9i4CJ4wZYSwLdtWC8zpsCFNSd67cRf5YwY	2026-02-15 09:20:00.770513+00:00	\N	2026-02-08 09:20:00.770090+00:00
fa3efd0c-992b-42f0-80f1-5a4392cc4920	83f8ae69-6f7e-4eab-ac9f-fb2e4bc3ed29	f01fbcdcd40b39e11ab57142dfbf4cfd1b078d3034774b560c70bf3521bdbafd	zASQLKEVn6dk57O1d1UPhChhqdL0mrCDC--wsjC9TQQ	2026-02-15 09:20:11.880404+00:00	\N	2026-02-08 09:20:11.880175+00:00
9cad0f9e-9906-4dbd-9c95-cac1f31e4a8a	83f8ae69-6f7e-4eab-ac9f-fb2e4bc3ed29	519a1bb94fadad2cd5ce687555b758c48d36b97fa3d31280839cb4cb8d5f0e49	i_JPs6hbJOgg7tmuIhcltAM23LKmydUI_M907rhraos	2026-02-15 09:20:22.944396+00:00	\N	2026-02-08 09:20:22.944732+00:00
1713bd03-2dac-4aa3-819f-5bbe7a680fe2	83f8ae69-6f7e-4eab-ac9f-fb2e4bc3ed29	16fa406397e863a45de022a470adfcb9b5c1b0cfc30fdf012400f643e7394ef4	JyfeIpPWDsmmQ2dcrO2yGpjlVSlSxrQUSS-RxsYGPIU	2026-02-15 21:55:59.025973+00:00	\N	2026-02-08 21:55:59.024622+00:00
1fc8e9ac-3a33-4a1b-a0aa-7c568aff7d91	83f8ae69-6f7e-4eab-ac9f-fb2e4bc3ed29	c22df4f6f5efd096360eab398365955f26928fef152ce240eedd59314fcf7185	1uzSiMajej9Q67NnwTNvrQq56h36fosWzZQJm2694Qw	2026-02-15 21:56:10.217723+00:00	\N	2026-02-08 21:56:10.215891+00:00
d281bf84-1e86-4541-81fb-e3447b4e4286	83f8ae69-6f7e-4eab-ac9f-fb2e4bc3ed29	4ee33bd2ef792873182dd20088af7ce53a0b5247b1781c03d9c882c8c121fb04	_A08JIwaenx22UgZib0vi4yEfqDfhb2XKKeSSrUdsDs	2026-02-15 21:56:21.579655+00:00	\N	2026-02-08 21:56:21.579169+00:00
a5737f91-8fe4-4151-a5ac-7dd71cf84f39	83f8ae69-6f7e-4eab-ac9f-fb2e4bc3ed29	2bc33ff05d1fefff528d07676cb797d3c656fae03b4a36c15fceca76a6a95521	RdzcCgem9hQeqA13RMEbPOLmBbTTofJglhSyD2VDLnw	2026-02-15 21:56:32.691705+00:00	\N	2026-02-08 21:56:32.691132+00:00
650f8593-73cc-4c29-8d80-843cdef5f505	83f8ae69-6f7e-4eab-ac9f-fb2e4bc3ed29	e35100a54395cb75d4d65a540456281b8793159680ebc5b38a0792de9091403f	TLPAat5ZOWp5mv6pWhidpUuJHomvMAkzVk3EhWyrXn0	2026-02-15 21:56:49.787523+00:00	\N	2026-02-08 21:56:49.787425+00:00
7af92eb8-6d77-473d-99ab-bdd3c311947e	83f8ae69-6f7e-4eab-ac9f-fb2e4bc3ed29	506d34cd8acb27fdc6fd48d0ec6c745c8f95f39e5f95d072a98fb9c784608298	nPsfZVhYWwskaVP3QWTJ99NyOYCTtikWNRXow1Cc-DU	2026-02-15 21:58:57.720634+00:00	\N	2026-02-08 21:58:57.720737+00:00
a3d09340-747c-4d68-a048-04dc5e21010e	83f8ae69-6f7e-4eab-ac9f-fb2e4bc3ed29	6eff4a30879341c9fb93d55eae8376cdabc91015cd0148e1ed226dbe2cc10a63	JyJV028g9IoYa42uUqHYXh8gjywpIDZL6NHd7Hxi5p4	2026-02-15 21:59:00.769702+00:00	\N	2026-02-08 21:59:00.768957+00:00
2d2b5dbd-d04b-4e7c-a7d1-041535f9ec52	83f8ae69-6f7e-4eab-ac9f-fb2e4bc3ed29	df4a9c29790f1172f01097e8008d125e33675d2191f88bcdf48d0353b85b9a36	4MSG3vVDly4uo1f6HrScOTQxVIWpUgr8mZEaihWCav4	2026-02-15 21:59:12.155536+00:00	\N	2026-02-08 21:59:12.155017+00:00
297bf59a-b7e7-48ab-8f47-6c7ba1fd685d	83f8ae69-6f7e-4eab-ac9f-fb2e4bc3ed29	ed3de385522cf2b6a4e3214b070bcd5b0c5f0e9755d5ac3fd61e05bcea787373	sByIDcPfN1ejDSccqEq0dVrGlvTbML5LEzMAHgh8dzo	2026-02-15 21:59:23.412002+00:00	\N	2026-02-08 21:59:23.411561+00:00
45acd358-7141-4896-b92f-289c9ff7b884	83f8ae69-6f7e-4eab-ac9f-fb2e4bc3ed29	0134974f6b1d7fa81c7a402e5cd77ec12d569d59a44d2b26c69472eeb594b4f4	b5YBdXSbInWUm-W4wOSOlumxSBpiEXYwcslZbDjHW7U	2026-02-15 21:59:34.471858+00:00	\N	2026-02-08 21:59:34.471171+00:00
e9f43943-813e-4893-9fc7-308402467d06	83f8ae69-6f7e-4eab-ac9f-fb2e4bc3ed29	844f4205d1e2e99dd4f5b5503c117ea466ec14bd4f02a5f4132b85be86237c38	nN0YP4-KNFj0t6GoS2RTJ8P8iI3-FlVpGw0ivt0ZNxU	2026-02-15 22:00:06.387951+00:00	\N	2026-02-08 22:00:06.387316+00:00
41bd919b-2c86-4828-85a2-137da7093746	83f8ae69-6f7e-4eab-ac9f-fb2e4bc3ed29	22b69d18af1076fcee213d86a8695892a2b276ea841a6226d8415e938aed49d4	hijH5CturIqO2wfvnt-z4i1ENQStF5o3aTUdB-o-xu8	2026-02-15 22:03:40.625195+00:00	\N	2026-02-08 22:03:40.625627+00:00
9b61ab82-ad75-41e8-95a0-f6eec331cf93	83f8ae69-6f7e-4eab-ac9f-fb2e4bc3ed29	60a5f6df9d93b5b7e153e9fad760108e26ea60b57ef6ea264c16030530b34f87	DFlwQdml0ZpD2w0iBq4xxUz2VORV0m-qiEPky0-WQe4	2026-02-15 22:03:44.375110+00:00	\N	2026-02-08 22:03:44.375000+00:00
90083d53-579c-408a-9509-7d554798d629	83f8ae69-6f7e-4eab-ac9f-fb2e4bc3ed29	7821c08a6295e8be37cb4866d4136dcfa438f49f3082a703bfee07195e7825ea	BX0mx-bS7PfP3D_F-Au2Bd4h0A50EqhJ19kafsHLZKw	2026-02-15 22:03:56.373281+00:00	\N	2026-02-08 22:03:56.373480+00:00
41bd1d03-2a14-4b4a-9d7d-04d4151014a3	83f8ae69-6f7e-4eab-ac9f-fb2e4bc3ed29	dd08ce1f717f506df4f0f7d9f8f6a27789a04ad4fc329ff0dabed813e7888dee	lFhqhxR3rQFPFloVO7LI9HMi8YgtitQN5aVL_DgHChM	2026-02-15 22:04:08.466321+00:00	\N	2026-02-08 22:04:08.466678+00:00
77a0762a-63e5-49ef-9ac4-41f194e04019	83f8ae69-6f7e-4eab-ac9f-fb2e4bc3ed29	53979c91a484e0af13df4370a9b283d49b46b101764fe366ad25091c57db2e7c	qYokzigNLhtjzaz4lB4oj43Uy2tLZJy2V_xeKvMG3P0	2026-02-15 22:04:20.686691+00:00	\N	2026-02-08 22:04:20.686430+00:00
72c7e762-881c-4cc4-86b1-72ce6abd0383	83f8ae69-6f7e-4eab-ac9f-fb2e4bc3ed29	73a4084e642e7844b0f91f71a5b92f98282bdb30da4ec23d0e2ebd5b93dd0534	2t7ECoVDPLYJOf4kj0RubIYwm1r0_GHG68jP8I7BujE	2026-02-15 22:15:17.447207+00:00	\N	2026-02-08 22:15:17.447456+00:00
48d9b390-9806-4144-aa0c-dfe7b0e1afb6	83f8ae69-6f7e-4eab-ac9f-fb2e4bc3ed29	892d86ed539ee5d2b907a9990c2579dba4a88abfdb0bef6521ead6c778906f18	KKCHpzFxBUMGMQ1t3ukad-_JlamTPFWwF1mx_w8-8Uk	2026-02-15 22:15:31.011924+00:00	\N	2026-02-08 22:15:31.011482+00:00
e3a0c813-7a76-4df0-a281-79c74d2c0668	83f8ae69-6f7e-4eab-ac9f-fb2e4bc3ed29	97766c68016a3d882ae2d7043fb52a6e54c5225cb8a0cd6df6c8fc48f2b1eb90	OpfXi9v08D4DaqUeuuwD0rwXxxBEbXyaJdjOfDpAQZs	2026-02-15 22:15:41.982399+00:00	\N	2026-02-08 22:15:41.982139+00:00
78b16168-6b11-46d0-a12f-42350d8c0620	83f8ae69-6f7e-4eab-ac9f-fb2e4bc3ed29	55d4b57be78449e9798a860f0b761ae2ae717dc337dbb440008d917fb94dfb58	WO5kS--EeHomQiCYAJYfIH6Uo94UyZeJP2fCcttiaQE	2026-02-15 22:15:53.112752+00:00	\N	2026-02-08 22:15:53.112526+00:00
50dde257-3db6-41dd-9c4e-7258ecd5fd08	83f8ae69-6f7e-4eab-ac9f-fb2e4bc3ed29	c4b619beafb9871d817b7822a50c61ce9eacb0b8c0170c3d72c184a631f59ecb	WOVosLNbehD7U_EBaFd5D_h87cOpog-_1S6bfasHAwk	2026-02-15 22:16:04.252079+00:00	\N	2026-02-08 22:16:04.251709+00:00
ea2a864a-6ad2-4720-806d-7128eb36a5a4	83f8ae69-6f7e-4eab-ac9f-fb2e4bc3ed29	b729c12fd4c3809a7f9adb3e6bc0f14286f9e7466c8daf02ada7efd48cdd84dc	kb9OW7hfU9c-i2yiWv8X9ZG56JALjN6_9SEpgAFJ4kU	2026-02-15 22:16:18.407307+00:00	\N	2026-02-08 22:16:18.406802+00:00
920d670c-52dc-44dd-bf0a-13cb0de600df	83f8ae69-6f7e-4eab-ac9f-fb2e4bc3ed29	7e3a3324dd3b1963c4cea9f9dc44ea53cecae8448afe1e03c22b5fbf51883e05	KkNjyq_0a186oOLiCevzDX1dzYD3Y4g93jjncwAlm9s	2026-02-15 22:16:29.480096+00:00	\N	2026-02-08 22:16:29.479614+00:00
c801376b-4e4b-4437-85f9-28c28fed1435	83f8ae69-6f7e-4eab-ac9f-fb2e4bc3ed29	b44b5f724e94788cd05f88a372f0d54d724ac4c966597076ecdf555771c39bc3	MQoksEnZnMmC5a23tKWgZAVdkHcUApIMm-HVPmCnImM	2026-02-15 22:16:40.639450+00:00	\N	2026-02-08 22:16:40.639115+00:00
cbb0685a-5ab7-4a44-9b94-7bbb46235acb	83f8ae69-6f7e-4eab-ac9f-fb2e4bc3ed29	8ec96e141cf885e036bd604d8860a38ebf169a3318a1211748221975f0337261	MTDqNLkhrMR7T1JbloflK3SVfaz2xxMCGmD5GxhFC2g	2026-02-15 22:16:55.976287+00:00	\N	2026-02-08 22:16:55.976264+00:00
f750c59f-d892-4626-b481-ff145e334561	83f8ae69-6f7e-4eab-ac9f-fb2e4bc3ed29	258f1cb11b940bc6ca44a55b056c055078e6c7356ac074b95a2fe7cd71826ca5	hoFZbSeCUIjAs2EnTblexBCkrH6f9YYyg0sdIGCgG7w	2026-02-15 22:21:03.751022+00:00	\N	2026-02-08 22:21:03.750839+00:00
440627cb-8117-4d04-9da5-bb666fd5c633	83f8ae69-6f7e-4eab-ac9f-fb2e4bc3ed29	fa2111e684bf36ab07b6df8a5aba9d338fcc8064111601d82e259905f0dc88f1	t9D9VT5j1kfAm93LMFAl5sBXIbRj3ER6E-5_HPlSc2o	2026-02-15 22:21:15.006963+00:00	\N	2026-02-08 22:21:15.006669+00:00
10f1b933-cd3a-483e-b315-8cca0389b265	83f8ae69-6f7e-4eab-ac9f-fb2e4bc3ed29	6f4a22ff5cf301ee72524820159da09df9b949271d9b414a321726254b604ef3	5vklv7EgAU6aStve1VDNFZPBJE-IILvmPt_dL2t9BD0	2026-02-15 22:21:26.084881+00:00	\N	2026-02-08 22:21:26.084672+00:00
4c63f9c7-7ee9-4137-8441-5678e4137a9e	83f8ae69-6f7e-4eab-ac9f-fb2e4bc3ed29	19865865f70fb1f056b8b39ba1b5c3c265fcf412c49c8bdf77f93cb7064b7270	R4h7uclPaZAabw6uyB2VXvpjNCpmwC1woE1BxSzjFlY	2026-02-15 22:21:37.241057+00:00	\N	2026-02-08 22:21:37.240769+00:00
b1da3ee9-d019-41dd-b812-e4c958c932a0	83f8ae69-6f7e-4eab-ac9f-fb2e4bc3ed29	97a8072410efa916cbffff811a77042a16bdf9c54c786523a91e0c0f0fe1da62	QDNipq8i5tbfDoVm0wG2xhErcy9JTvZleIybLqiZbz4	2026-02-15 22:22:02.282155+00:00	\N	2026-02-08 22:22:02.282048+00:00
38e2486c-b86d-4abf-bea9-15265bb32d2f	83f8ae69-6f7e-4eab-ac9f-fb2e4bc3ed29	6d06786de96a888b31b8c3a263c7b7d2dcb765f506e40a0f7ade9d90672c2057	rD-JWhe1W8vT9qTAbbyhcE5H8sf2yuTU89FD8dxwX_0	2026-02-15 22:21:51.224622+00:00	\N	2026-02-08 22:21:51.224538+00:00
17ae4e48-7291-4933-abc8-797b7821a8c1	83f8ae69-6f7e-4eab-ac9f-fb2e4bc3ed29	39f363ae2f0c6323ce33fbd30ab26b6adae66ab3d77011665bbfa2a6eef34ef8	Ld1s__r5YpdllljsiuFLT86OhKFYq0uhAmZk0ILl5LA	2026-02-15 22:22:13.347108+00:00	\N	2026-02-08 22:22:13.346766+00:00
49c159d1-24d3-4358-9803-698161d876ad	83f8ae69-6f7e-4eab-ac9f-fb2e4bc3ed29	d8293f7c1b4bad3436a703e56d9f626d251ee8ffa9b02cfc22c7f1fdaef32228	nOGIoAjkSuFOCvoP8vMbUdUB64tfEyB5RqDi4P2wU28	2026-02-16 08:31:33.806435+00:00	\N	2026-02-09 08:31:33.807006+00:00
adbd72c3-3dbc-4581-9570-656046e0d3ff	83f8ae69-6f7e-4eab-ac9f-fb2e4bc3ed29	a26d08f79ea87e2e9aa24ac4c921ac9a317472e9f47e35f4e79fa5eab5f15265	miECvFpMQ5f-YPhE8PXFprnau2WH7GHGcrGN6W2FjbE	2026-02-16 08:33:19.291901+00:00	\N	2026-02-09 08:33:19.292195+00:00
38315375-3762-458c-911a-ac52cd6bb204	83f8ae69-6f7e-4eab-ac9f-fb2e4bc3ed29	dcb7f34a949ced23208e28636262fea228271b790044b3b866a06be19be3501b	rucc8XaEGekwKQtfX04yBJKpYzEoNif3cUpP3Xm0ef0	2026-02-16 08:46:08.442173+00:00	\N	2026-02-09 08:46:08.442381+00:00
712ba829-6edd-410a-8fe6-23e526801bd4	83f8ae69-6f7e-4eab-ac9f-fb2e4bc3ed29	0fa1c31502df5cc02d5f6d4f8669393ad9e14046b8fa0bb87d2c567c77e5b01c	2tWC9m7AhTPa0MqzKTZLrKgkGp4MpFhCSUvr-MuxGJE	2026-02-16 08:46:23.565821+00:00	\N	2026-02-09 08:46:23.566233+00:00
23038795-0266-4c0c-9027-93a3cf27441a	83f8ae69-6f7e-4eab-ac9f-fb2e4bc3ed29	1551f6649cd45d6d16116c4ee70783529e4b78dfbccba4c6340e65fe6237230c	QeVYsDLMR7JsZo0WAZlRsH1zzMrpMgg924G9Fa3NM0Q	2026-02-16 08:46:40.844821+00:00	\N	2026-02-09 08:46:40.844807+00:00
4097dbe0-b436-492b-b44c-7836269db151	83f8ae69-6f7e-4eab-ac9f-fb2e4bc3ed29	95d8443d65039181506358a39ff10ee35cc105d5394deb36e74cc51d44c0cc53	npTeCQUcaLkua_oFSoh97NkD2sK-TfwUf5iX56AN1qA	2026-02-16 08:46:54.355092+00:00	\N	2026-02-09 08:46:54.355162+00:00
bda54250-7f08-4a9a-8239-c2496a76731f	83f8ae69-6f7e-4eab-ac9f-fb2e4bc3ed29	d7594a7b95d1a6ffc3d5a4c20ff185a19fa74ca200e97773a07352d08383799e	L2a1Qt2MpecHlDNCdLMYpinVOFRuWKJqQHFpUnxVQxU	2026-02-16 08:52:05.251966+00:00	\N	2026-02-09 08:52:05.247636+00:00
a17cb989-7366-4913-b90c-f6ab0a7e848d	83f8ae69-6f7e-4eab-ac9f-fb2e4bc3ed29	175d45a11d6efeb5188b81387ba499a02e33cb7bfab96f7b5182bdc3f064b6ee	mka3r8KwJvdggXDeafRCAIbyeA8F01GIA_j-WJHIoAw	2026-02-16 09:01:42.601581+00:00	\N	2026-02-09 09:01:42.601749+00:00
63e20e85-e5d5-4e00-a36c-863379e1c286	83f8ae69-6f7e-4eab-ac9f-fb2e4bc3ed29	f82e938688b6ecf56fdd443ba7b0161cd55de085605e07aa457a7615b68cd8c8	cJJRYpuYXPnEE5JFFxDesighJH8Z0sMVI_lk1CVPw-g	2026-02-16 09:01:43.486718+00:00	\N	2026-02-09 09:01:43.486236+00:00
2ce502c2-b792-49a5-8ee4-c191b8f051f1	83f8ae69-6f7e-4eab-ac9f-fb2e4bc3ed29	c7b94eafae16faeefb64fed2b36f1c256658cb5aa55e846a38a9e04700dec51b	dpiEyXGtRp1dlaiTLJlh036SjqO1cA1AqKmGPHLU3gw	2026-02-16 09:18:03.520163+00:00	\N	2026-02-09 09:18:03.520017+00:00
287ffd49-ec3e-4320-a7e3-46da12de952a	83f8ae69-6f7e-4eab-ac9f-fb2e4bc3ed29	30ff0c4bb307e5938af44e26f9896a7a1b04e73c6e35f3c0330ac16ef5ba3788	KMRK_UHDJV9Q7xoh2jDbbC9yOmtlSPA_-ak9zwz2UKI	2026-02-16 09:18:17.774379+00:00	\N	2026-02-09 09:18:17.774127+00:00
750cac14-8313-4855-ab11-27e7654c93ed	83f8ae69-6f7e-4eab-ac9f-fb2e4bc3ed29	091e95399b4ba5033d902b895a61ea3b9693df945a69f1d5ecf6b32e99fd11c0	fL0JBQZHx2NOBie69PJx2jyPoO5pKvWX92KG8fFffbE	2026-02-16 09:20:23.228660+00:00	\N	2026-02-09 09:20:23.228454+00:00
000fc212-66e9-4421-81a1-7edf49966924	83f8ae69-6f7e-4eab-ac9f-fb2e4bc3ed29	143304a67eb6f58a2c531cc392e2c8a2d6f82ac6e21474a0d5720e89b6e871aa	XmS5t-f-fufR2KJXtQb8lRa55tA6qb-A6VgZBallKi0	2026-02-16 09:33:01.305042+00:00	\N	2026-02-09 09:33:01.306289+00:00
87c6c500-6fc9-4e9f-b64b-c52602123ba5	83f8ae69-6f7e-4eab-ac9f-fb2e4bc3ed29	fd00a727b8a59377636f88eca624c5b8c13b2099497cc1febf4826a6aae3f40c	BpwBnzXO5rFXsadATtUY2hPpGI5fSzv2HP5jKCea7qo	2026-02-16 09:33:12.816256+00:00	\N	2026-02-09 09:33:12.815533+00:00
41700f0a-26e7-4e4f-a391-1ee0e168a0da	83f8ae69-6f7e-4eab-ac9f-fb2e4bc3ed29	49075a82290167d0eeaf622aff14e0cd6b81ac0136aeef62d8b1d0419d15f1ae	9JqFYCueBgXszmJwg4ePh-ia1_s-94vQRHe85FGLRCQ	2026-02-16 09:33:24.102730+00:00	\N	2026-02-09 09:33:24.102043+00:00
9c04058e-226a-457d-83ef-35adc8eaa61d	83f8ae69-6f7e-4eab-ac9f-fb2e4bc3ed29	a3bc2e977d10f01e11a598ceb4f3e9304d8a96142826a792176725b4b7330bf1	f8gtP85-vqCYjp1iKMbWzU-OEkCVbLOrpBbEiUfbeHE	2026-02-16 09:33:35.421813+00:00	\N	2026-02-09 09:33:35.421225+00:00
685475cb-a729-4cc9-8bc1-133e3e19b09b	83f8ae69-6f7e-4eab-ac9f-fb2e4bc3ed29	ff7b741b74b825af54e6a09aa629682cd4959fff4c49534a451305b2c95f4b0d	brjxUJVzUa-Bbcso5GgbC7S6UDFfB-yQBIIycR8LaV8	2026-02-16 09:33:46.759266+00:00	\N	2026-02-09 09:33:46.758784+00:00
31b413e4-ed7e-44c3-812c-c7b5a17d8af7	83f8ae69-6f7e-4eab-ac9f-fb2e4bc3ed29	784b69cefefbb48a21eada91bdada0ba8b6a5843b1ed30fc2088af4fd288e519	NAxCPcXh5QtHsxGPlG5wVE7PENajiCwD4CzY10a_l7o	2026-02-16 09:34:01.035823+00:00	\N	2026-02-09 09:34:01.035464+00:00
324297a4-4366-4794-ac64-0f1fc3fdbd4e	83f8ae69-6f7e-4eab-ac9f-fb2e4bc3ed29	aa8cee63b5320c2ee509943528f736b6baa7a225e9cee99493e68932e8f3c082	9eXWwswcjiiE-q0MLgJl4pEIr_osFeTOuEGt6splw9w	2026-02-16 09:34:12.171577+00:00	\N	2026-02-09 09:34:12.171169+00:00
edef2391-4686-4c29-873c-60e5fc65b53a	83f8ae69-6f7e-4eab-ac9f-fb2e4bc3ed29	a76231d6f71b72880f919effd485d6419384f910f49a48859fb7795b069583d6	-hmQsSWI7GwudbFaPLt515yXc7fuVheQBED2SMA_uLw	2026-02-16 09:34:23.398910+00:00	\N	2026-02-09 09:34:23.398588+00:00
3d97a70e-127b-4db7-b909-3799368cf7cd	83f8ae69-6f7e-4eab-ac9f-fb2e4bc3ed29	c8dc011e60e338ab08d3fe5cfec9a8f18c2585952d860baea83adcfb09d3a766	MFn_nPYYUQ40pfck_FrkJBTjL0vB3MBZy3OvgCRx178	2026-02-16 09:34:38.835780+00:00	\N	2026-02-09 09:34:38.835401+00:00
e406dc64-3991-4000-972d-8e011f6d830e	83f8ae69-6f7e-4eab-ac9f-fb2e4bc3ed29	424bde58c04a6c4cdb31d07d3089bcea2dc004c18541de77b19ec6ba5af3476e	ra9lZQbSmjXXv-QMuqzrwBz7Bby1nK49PxDKFBTnEcI	2026-02-16 16:35:26.343344+00:00	\N	2026-02-09 16:35:26.343764+00:00
d90a721f-8f35-4882-97c9-5abb7a33bb10	83f8ae69-6f7e-4eab-ac9f-fb2e4bc3ed29	0efff616ae6939c3382fada810bf9e720b292b25893815b0395cd518ebda0206	7JtE2sYv-ssu6rsBOg9lY2bEkzariomQ4mlN8dbfCHI	2026-02-16 16:35:29.579085+00:00	\N	2026-02-09 16:35:29.578520+00:00
2c91e7e6-5cfe-4964-9e10-9e35f548ffd7	83f8ae69-6f7e-4eab-ac9f-fb2e4bc3ed29	1aa377b9856142781f1e96832909335d46f47c7a3394b1814f98db87b3e6c714	iNKqllKznQF0dZc306QrX7JqCLjNUvGUD1X3EPc6eW4	2026-02-16 16:35:43.914452+00:00	\N	2026-02-09 16:35:43.914870+00:00
c7d3c36d-512a-4d50-ac9c-4ecc3cbd9b77	83f8ae69-6f7e-4eab-ac9f-fb2e4bc3ed29	e4d261356b4034e0d2a22d3a2078805cc64ea00a5741c9274ad0040c7230131e	L9fpGNfGPgxJGvwJRU70sXhOWoT9Uk5yYcFKtS5tj0Y	2026-02-16 16:35:54.723817+00:00	\N	2026-02-09 16:35:54.722507+00:00
efb4f56b-e012-41bc-830a-9e8ad8d025ab	83f8ae69-6f7e-4eab-ac9f-fb2e4bc3ed29	ce07a6cdf35a03b59c086af88a71c11c2dad6f39a9410398769668fbbf828c1a	DY21eh7wbXLYl6MDZhl8QNFSlW49NWC8SFn6kSgFTfw	2026-02-16 16:36:06.030966+00:00	\N	2026-02-09 16:36:06.029518+00:00
87e90abc-3f70-4737-b124-8f78442aa3d1	83f8ae69-6f7e-4eab-ac9f-fb2e4bc3ed29	e144b6943bba2e4450a5544ccadf87ca7a46e67a59645e5f6bed2b2874fcf9e5	RGwhVCceWJ8Y5hh6yV7pHy9i4csnFvu-Gs5fzsRNalY	2026-02-16 16:36:17.627672+00:00	\N	2026-02-09 16:36:17.627335+00:00
33a5c37d-c90e-4ce0-8ae1-39b2ad1f6a80	83f8ae69-6f7e-4eab-ac9f-fb2e4bc3ed29	7761b500965cf8ce3831b30e5c253114287d94eb71bee803a7c4bae95f1497cb	BOYaGraNxb8a2slIoIfEBItQaT9CEHCPO_7YJR49uC4	2026-02-16 16:36:32.562663+00:00	\N	2026-02-09 16:36:32.564801+00:00
27b93c98-c8e7-4ac8-81c4-fad2c0d7e2de	83f8ae69-6f7e-4eab-ac9f-fb2e4bc3ed29	f447f09563e77939236a62bd48192a17ab0e73b959d609acbeec019e6d2d6ccf	awvfWeJ0U9-8aw3CRTMdH4FHyOY_bxx_r96UxRxA84o	2026-02-16 16:36:43.775648+00:00	\N	2026-02-09 16:36:43.775319+00:00
ff732738-dad9-4a9b-b9e4-09a97a4177ff	83f8ae69-6f7e-4eab-ac9f-fb2e4bc3ed29	458586bb0d108449cbed47ffaeac6a64ac75255dcbb96029f3e3708a5d5da2ed	VoE3CXTfRzE_Qf0aZytt3DibhGpe7G8r9Q02KFyUE_Q	2026-02-16 16:36:55.273319+00:00	\N	2026-02-09 16:36:55.272408+00:00
2cf40836-dcfb-4017-8741-885b8b84fe65	83f8ae69-6f7e-4eab-ac9f-fb2e4bc3ed29	e59caa1a4c7a0aa76357216b240cbf7a50fab2422ecd9fa8140f4118814fec0d	2v7uvLn-m6pbzaOLG5wIuW21fFBApJhz8rpHeoCVpio	2026-02-16 16:37:10.331118+00:00	\N	2026-02-09 16:37:10.335224+00:00
7d5705b0-57dc-4f06-9645-6973b872070f	83f8ae69-6f7e-4eab-ac9f-fb2e4bc3ed29	9dfc512ac2916adcffcfbebd4736c9c150a9cc2c59d5e6f292edd3d182dd61d6	gPPpriMKU9LdRYOoyjLa-ACQLn353FjxDAB5WnC3Ku4	2026-02-16 16:38:42.455061+00:00	\N	2026-02-09 16:38:42.455945+00:00
18c0cfe9-7e70-4158-b9ce-f2a0a5124710	83f8ae69-6f7e-4eab-ac9f-fb2e4bc3ed29	9f740d43c138b553dafbb2a9a3b816f57f02c0dcf031c6c31b18bdf35e590759	548x7DDkmMuO-L6toER1g8p8C10yCPXVMJ60cBAsV5Y	2026-02-16 16:38:54.012083+00:00	\N	2026-02-09 16:38:54.011464+00:00
c901087f-182d-439c-92c2-0dff5e2f7fae	83f8ae69-6f7e-4eab-ac9f-fb2e4bc3ed29	fe85d58437bde22858e69165690b9611ea5859be7b4ae3fd3477f59ab5733760	Zjjh88PJg8Ortz2PBiRgyTYWLZysa_SMK5fMHq5R6xg	2026-02-16 16:39:04.368662+00:00	\N	2026-02-09 16:39:04.367980+00:00
8c799cf4-86c5-4598-8323-c60390effd44	83f8ae69-6f7e-4eab-ac9f-fb2e4bc3ed29	11ab6dd244c7b10d4a60a91b8e66b0ae8a285809c538fd986a5d9540191b3f15	GAWRBY07cPSerq3fJNM6VsU06NrCW7RiDFfsIfPM30c	2026-02-16 16:39:15.956769+00:00	\N	2026-02-09 16:39:15.955752+00:00
795c73e1-2072-4865-bceb-19b2572390ea	83f8ae69-6f7e-4eab-ac9f-fb2e4bc3ed29	e2566f4727df41e29bb677557acc5619a98bf74c5322cb3c80d3d2f391bd860a	jqb81ziHs0dDNeNqS0mM6cvVfxOCPS7m6PI5j-aTDc0	2026-02-16 16:39:30.453708+00:00	\N	2026-02-09 16:39:30.453023+00:00
6c27bbc7-2257-4217-b2a2-0545433d1e32	83f8ae69-6f7e-4eab-ac9f-fb2e4bc3ed29	f9eca0f94aff9f93b60f6367c8a1e5a94ae57ec8845e6f118cf860c4d286c7f7	2FhCvUY3o7hecaIsjBacCIMcAVeOYR8yxYu3wCJlgQ4	2026-02-16 16:39:42.066637+00:00	\N	2026-02-09 16:39:42.065875+00:00
b6e4df7f-5ede-482a-b147-fc931aa62ce1	83f8ae69-6f7e-4eab-ac9f-fb2e4bc3ed29	44b182b947b8e635d2e4e3e099998e6c058aa023f45f57f653ef4bdf66ebd9cf	qCZkSAaWo_qQ-kfwvu6LHK84rLeEMRDoS2_V34tXqxM	2026-02-16 16:39:52.654521+00:00	\N	2026-02-09 16:39:52.654062+00:00
3a938ff7-618b-49bf-8a0d-561a95d01d53	83f8ae69-6f7e-4eab-ac9f-fb2e4bc3ed29	120933e3b1bc93a29c11656ea1a5715c507ac5bc42832dcfb0854e02ff75e069	Aj4T9Bb7fzRQZxzeIOzBLdBf8CnEKnv1YJciuxTA-M4	2026-02-16 16:40:08.298312+00:00	\N	2026-02-09 16:40:08.297544+00:00
b8bb98e7-ff3a-49e8-969d-8de5549a3aea	83f8ae69-6f7e-4eab-ac9f-fb2e4bc3ed29	c1957faee21f7f3cb69dd1c6a7a7cca4465c34bec65ccd93ac164a2777ce39fd	-PV4KHDIytLC40juRYb1TQ28dx8ivV3Y7es0f2zhY8w	2026-02-16 16:41:30.105189+00:00	\N	2026-02-09 16:41:30.130071+00:00
1d307766-5e0a-4404-891e-932c5a45ad8c	83f8ae69-6f7e-4eab-ac9f-fb2e4bc3ed29	4ae0c0c095988de577b6a2edd805d6b3fc52a9565a740f827166e6df7857471b	O3TaJWXkMGg_7iggINnagJZHU-nsS0U8PQg6apK9d5w	2026-02-16 16:41:41.962994+00:00	\N	2026-02-09 16:41:41.998700+00:00
9e9d8281-90b9-41cb-9fca-127ea19903b2	83f8ae69-6f7e-4eab-ac9f-fb2e4bc3ed29	8a7965deaea6404e7fe6d838a2fe97abe3ca3d8db0caecd5c835d3b4e187378b	7yaJ6dmrc1Gu_AB4KPK4VFBtTQh1UnZ4ls_Rl5Vniqg	2026-02-16 16:41:52.625354+00:00	\N	2026-02-09 16:41:52.627690+00:00
bef17451-fd98-47f0-86a9-27ed4b023d3a	83f8ae69-6f7e-4eab-ac9f-fb2e4bc3ed29	dc66a532aeadc9f258b9d4b1bb6d8630ab95ff5b02d5ce9391697b8138d6e56a	yjcajmElLBL8RS4NG7Jn9XFmfQLNfouAfXrOh3uEC08	2026-02-16 16:42:55.484548+00:00	\N	2026-02-09 16:42:55.484159+00:00
8f2b86b4-e05f-424f-8876-d584919c496a	83f8ae69-6f7e-4eab-ac9f-fb2e4bc3ed29	d7db22bd2b878e4bd37eedd7c578ab7fd98a18fad52410c3dff16090e541cdfc	rWFxw38F5Dojv63Q-UOBCBb6u5Cjce84tTt45BANLsI	2026-02-16 19:33:09.559918+00:00	\N	2026-02-09 19:33:09.559478+00:00
8a566f5d-5bcd-4bb5-a775-8ceab51df871	83f8ae69-6f7e-4eab-ac9f-fb2e4bc3ed29	b44b764e635550d3a2d783a7f9a1d38f9f84e123c6bc27e701c67114251c4347	UIQIE8dB_BqGyNCg0giI0uT2idt3e_AxgJZJ19s2Xew	2026-02-16 16:42:03.878768+00:00	\N	2026-02-09 16:42:03.884246+00:00
f396d137-c2e5-4849-8a4b-a87f7b12ce51	83f8ae69-6f7e-4eab-ac9f-fb2e4bc3ed29	1ffc999602da3b910567bbc48da43a0130bf98a9d76800c0e20e79d7018e8842	L5r2VheBh6HtC2j_QFC2inKA-MGOOqOCEUiS-0xZjp8	2026-02-16 16:42:28.789422+00:00	\N	2026-02-09 16:42:28.789816+00:00
0a8661f0-c053-423c-a25d-c0d782856d6a	83f8ae69-6f7e-4eab-ac9f-fb2e4bc3ed29	54ad62726eb61d957df7aa5145041415c907faa7a0530b190063e3fb8feadb41	zlFxOrjFGfQ5RqqGejtkxPy58lNqcuyOTQ0XB57GCDg	2026-02-16 19:32:24.180133+00:00	\N	2026-02-09 19:32:24.180668+00:00
f42951ef-f198-4da0-96c4-b09dabbdb58b	83f8ae69-6f7e-4eab-ac9f-fb2e4bc3ed29	074f95b3b772b97e28d4110fcf2ac7420f8f713b449ae09fb0c456930405fd9c	gIckJmBA5FbeATptbPfeiTAjJkOJWn57eClBMMTgJxs	2026-02-16 19:32:57.794927+00:00	\N	2026-02-09 19:32:57.794073+00:00
79ae7333-e7c8-47b8-8b88-e3774fd4c6fe	83f8ae69-6f7e-4eab-ac9f-fb2e4bc3ed29	1d47f7f26e92f60f92fd279c654125022b19e091a5d22db729133bdd0c704274	jw8DY5THbAIdpWKOZH_wgzXUig-tua2p28U739hYeVA	2026-02-16 19:33:21.216639+00:00	\N	2026-02-09 19:33:21.216508+00:00
44c8b601-fc18-45d1-8071-66490dc3afaa	83f8ae69-6f7e-4eab-ac9f-fb2e4bc3ed29	6267a87088a1c620e7035ae05e9f3b52f668602c7d8a19681a8589144b01612e	QIww7zO9PxV2-UtQSXqus7vnVmoWekoyBW7L9BTDKUI	2026-02-16 16:42:18.336058+00:00	\N	2026-02-09 16:42:18.335842+00:00
74bb9d06-7391-496e-995d-e76a50edf9ad	83f8ae69-6f7e-4eab-ac9f-fb2e4bc3ed29	bf27e38ae8ed53c84fda504cc88d3ca6ae3f80aa879ca51e25dc5aa6986db02b	4ZoDYVE4KqUfH0-ue14LppEoDDIixXbLlzoLC8QEWag	2026-02-16 16:42:40.144338+00:00	\N	2026-02-09 16:42:40.144868+00:00
b8cdbf70-6e8d-4d8f-b574-542395707a64	83f8ae69-6f7e-4eab-ac9f-fb2e4bc3ed29	fc99b10ca6291cf3cb2b806e3afa99613603bd2b1d58dc8783a62827a2055f12	SJZZK7tBrmr3JFghILcjnGcJw5YRM2WrSKfdfsLJJ-Y	2026-02-16 19:32:36.649668+00:00	\N	2026-02-09 19:32:36.648368+00:00
e3073077-fca7-4c7c-8581-ca73fb097c6e	83f8ae69-6f7e-4eab-ac9f-fb2e4bc3ed29	7828937e5546e0687ed292de396a58e13fabf382804c636054982046bd0833d7	8uAqEQapmFqKZ-YC1rxjENt1fcLhF5xMQFH-ISN5lP4	2026-02-16 19:32:46.295465+00:00	\N	2026-02-09 19:32:46.294345+00:00
e0506857-2605-4150-893a-6601e508ccb0	83f8ae69-6f7e-4eab-ac9f-fb2e4bc3ed29	7f526052e5e71f1c04de3ca13076a27afceb76a83326550ade0fd2191b9360e4	M2mt2Pl1Dc55kNYIeTBRxUyosCTEbV460bpWW8sW2iQ	2026-02-16 19:33:35.817794+00:00	\N	2026-02-09 19:33:35.817767+00:00
a33ffd8b-f3f6-4a3c-88a8-dca2587d6977	83f8ae69-6f7e-4eab-ac9f-fb2e4bc3ed29	cc6336273c152c6f2f7866451461aa456938a7c19d13f3b93f213dea6c6de497	JwFOLpZn3m7uCi8kJmkeOscY72LV1yag7-GN9ElnPeE	2026-02-16 19:33:47.235461+00:00	\N	2026-02-09 19:33:47.235335+00:00
caff5c94-586b-4c1e-a922-19fbea6186b7	83f8ae69-6f7e-4eab-ac9f-fb2e4bc3ed29	ed46a369d98d8eedb44c4afb1bec5f44bce2514fbe3646f46fe4f070a30755bb	neEkHIbWRhFF00mAthWrAzm9avfYACznBYym_pnReak	2026-02-16 19:33:58.952726+00:00	\N	2026-02-09 19:33:58.952988+00:00
d0d04724-b69d-47f4-b530-d68925446238	83f8ae69-6f7e-4eab-ac9f-fb2e4bc3ed29	0c221bb62f22911c7c8518d6f513b2e6f8ff81a0ec22ecfe2443193619a0f33e	eL-hAhFumRTGYYul0DxVam8I83CE5igyaJWqH_pmS-k	2026-02-16 19:34:14.769463+00:00	\N	2026-02-09 19:34:14.768888+00:00
c8c6797c-51ad-457f-9a42-1ab7a09d6abd	83f8ae69-6f7e-4eab-ac9f-fb2e4bc3ed29	4af258950126dc744ddff83644be80578b5e6d9e84d4d17bd217e7e74396aee2	e3t-JYH2pJuEFqobO62mvWy4JUmG4d_gRFQXszAFbQk	2026-02-16 20:06:15.618486+00:00	\N	2026-02-09 20:06:15.597662+00:00
2350b0a9-81a9-43b5-883c-f308b0677780	83f8ae69-6f7e-4eab-ac9f-fb2e4bc3ed29	141c668d391c1376625c58ab529a3e225c633331a5940b0b893fb0ede2638726	2YwYt5LF2_ue7AMlocZO6-aTVEhVX-AvL8PUUaFirpo	2026-02-16 20:06:22.379027+00:00	\N	2026-02-09 20:06:22.357209+00:00
7de4a640-50e5-4625-a8f9-5e119efc9ffa	83f8ae69-6f7e-4eab-ac9f-fb2e4bc3ed29	287f4351fa154ab919863c9556c8499a4f395e96845dc40c45034b83d76c28d4	BVyziNJfkTMSnjnvoaJq37ls1RFWXQd4hkqYQptuA3I	2026-02-16 20:06:37.135729+00:00	\N	2026-02-09 20:06:37.135745+00:00
06b3c5ff-d650-436a-affc-96ddb97de2d6	83f8ae69-6f7e-4eab-ac9f-fb2e4bc3ed29	1e487416658c493c63f2bfdc97e3a99c4b20d3f9da25bc3c29fd6cbfc6e64acd	abRPzQQU-UIskxWiOHvDPwVC4rIPFS3fedDBKQ3fuoo	2026-02-16 20:06:51.692593+00:00	\N	2026-02-09 20:06:51.692484+00:00
0b2e7201-dbc2-4ea8-a20e-56dbac3d1194	83f8ae69-6f7e-4eab-ac9f-fb2e4bc3ed29	2c12eedea959ba0a613af6953919e7910764ef81547ceed282b1e61304e96ad9	GfUKA0Z0alTY6JZk1NM8sSLMcj0fTTbyiyo1etg9BPg	2026-02-16 20:07:06.025005+00:00	\N	2026-02-09 20:07:06.024978+00:00
001d04d1-c3cf-49ff-b394-6c149ef5c726	83f8ae69-6f7e-4eab-ac9f-fb2e4bc3ed29	7d8fb4eb80a72c4850b226e16487142855357493c68909ae9ca7380c829cfa16	3UFk2vz8awWX_72AehEIxVAjJ3j6PoSBssv7Mp7LptI	2026-02-16 20:07:21.087640+00:00	\N	2026-02-09 20:07:21.087681+00:00
33a0488e-c967-4b47-831e-0701892d5d39	83f8ae69-6f7e-4eab-ac9f-fb2e4bc3ed29	7bbdc67991189547b3035157c4eae6609cc0e894ac4ce1c6cf083d884672abd6	BblnWm4CwBTal_YV2_ecLKtgzdPP3kJsQ1l0wKdrLDI	2026-02-16 20:07:32.956538+00:00	\N	2026-02-09 20:07:32.956688+00:00
5dec5dd2-c665-46e6-a502-1c9f26fa67ee	83f8ae69-6f7e-4eab-ac9f-fb2e4bc3ed29	88f5188e8ffd5241fc08886341eb8fde8694e6a84017890e7023c7471de3757c	RxvofjzOeD3h4i7iXFzt-iOGNv6vtO41PJ2mmiL--7I	2026-02-16 20:07:44.427067+00:00	\N	2026-02-09 20:07:44.427197+00:00
95be9525-5bf1-47ab-8d71-fc09738c9a67	83f8ae69-6f7e-4eab-ac9f-fb2e4bc3ed29	810bc63be128c231c2cbc77318b5e48acaf5f97a04947322629ccb963b9737f5	yNLiPfq-RAgQsiZxSmApCDPrlfLedio2x_GK72AEIjU	2026-02-16 20:07:59.869669+00:00	\N	2026-02-09 20:07:59.869804+00:00
7afdaa41-e7a4-482e-b7ae-1bee77d3363a	83f8ae69-6f7e-4eab-ac9f-fb2e4bc3ed29	3ee84244a3b2702915e36184a9d335180f3503e27cfd2f50d03ba2d64cdb8326	hHRQcZ7_YzcTr9yF9aZjTt_Y6sA7v8G1Rmt3-rovB7A	2026-02-17 07:57:56.686799+00:00	\N	2026-02-10 07:57:56.687311+00:00
d8c2601b-a617-4ab7-9674-f31d4e49b7ca	83f8ae69-6f7e-4eab-ac9f-fb2e4bc3ed29	6aaf36716d7030574eed959196e3253d4d67aa0fde20d167a929ba04fc8f5c78	bJyUTc3kqBf5XKizpqzZtjeBp16aodTb2ggjfMIzB9o	2026-02-17 08:06:25.695407+00:00	\N	2026-02-10 08:06:25.700280+00:00
7506f48a-af77-4559-bff9-62245f04d92d	83f8ae69-6f7e-4eab-ac9f-fb2e4bc3ed29	09f0b6c40dbf8bd6559ccff5af7dd37e0796f9cba61e2baec0bbe753437ddd3e	EGTxCXxL4MUkqdwVJChySrrV3KE_XMAjPfQ8fLvoWdo	2026-02-17 08:06:43.343257+00:00	\N	2026-02-10 08:06:43.343290+00:00
aef28532-c791-4dd9-94e6-6893626fc8f1	83f8ae69-6f7e-4eab-ac9f-fb2e4bc3ed29	3cc2517cc7efc42a9b071ce67686e9b095872849611b30d6821b4275894814e5	eG6lU68ZxhzIWuBFAiwJPo24uGxqfcaxU1-RcqbvKhA	2026-02-17 08:07:16.426900+00:00	\N	2026-02-10 08:07:16.429023+00:00
71ed3f69-003a-4968-9533-aa91c0eb5e3e	83f8ae69-6f7e-4eab-ac9f-fb2e4bc3ed29	69739067102eb304352cd7b5760ff03e095b95d20141aaeaea1c2752f35cd435	uZSypA3wpsktwjb18v5YOyJ1i5qhOvxX8DvezuKt5YA	2026-02-17 08:07:34.973516+00:00	\N	2026-02-10 08:07:34.973656+00:00
7010d532-37df-4885-a152-e7bf034c78a1	83f8ae69-6f7e-4eab-ac9f-fb2e4bc3ed29	2e7f472daa9a6240c60d7370b8f3ee04bb79280e53d197c0d5d52b393c0ac1d7	UnGizVCUa5VkgiNy91KxhCoYBk23xnr6OOuzuZV40cs	2026-02-17 08:37:26.711948+00:00	\N	2026-02-10 08:37:26.713008+00:00
e96a12e0-2b5f-458a-822e-6654a4109fd7	83f8ae69-6f7e-4eab-ac9f-fb2e4bc3ed29	2b090303cdffbaab496ae632a61eac00d90b6455fb9531dda407327c5b48d57d	wRME5jE1AOtxvq7jLUq6SJ5dRmVAEs40rntSk7qWK-Y	2026-02-17 08:41:34.844532+00:00	\N	2026-02-10 08:41:34.845104+00:00
1c4f2f1c-d88b-4e5c-bea8-4dc864441250	83f8ae69-6f7e-4eab-ac9f-fb2e4bc3ed29	22ddf4322dbde793258245f4806b4d52d668ed7eac9f3f16674826f226c23500	ofJfZh065Xna5f7nwnFex2Pclg738HAmLu8xXseKaqk	2026-02-17 08:44:03.891370+00:00	\N	2026-02-10 08:44:03.892167+00:00
a668516b-e805-456e-9936-1bcc382bd621	83f8ae69-6f7e-4eab-ac9f-fb2e4bc3ed29	b93cb2897570ffb07653896af008cce825eba4035a5041b83592b26aca0dd637	k4SWhQbwGX7keXsoYAagKN6YOFPokvxHAm22SHtSpRg	2026-02-17 09:17:06.826921+00:00	\N	2026-02-10 09:17:06.827503+00:00
803b4dd7-9bc2-44a0-b270-7b2799411dd5	83f8ae69-6f7e-4eab-ac9f-fb2e4bc3ed29	f23e4fa656857d5bad00d6b9cd1b4a3b19dbc486ee0d9f8a8c7856a923a6604e	CYJZIv0Ljqcwd8Flx8PacPfc1MEHL3hwC8qCsuxbKlo	2026-02-17 09:24:30.871645+00:00	\N	2026-02-10 09:24:30.846621+00:00
6cebe29e-0071-4716-b530-c374e599a3dd	83f8ae69-6f7e-4eab-ac9f-fb2e4bc3ed29	d65389d792e42586751a59c2da0546111e0eea882962a6c5320db932ba69911c	5UcIdGfjO4696nCnAEDxNx3NBSF9r2ALY12ofy0JPv0	2026-02-14 17:30:57.062721+00:00	2026-02-10 07:24:30.896069+00:00	2026-02-07 17:30:57.058321+00:00
329b588f-2a30-4062-b925-ad66d6d26b19	83f8ae69-6f7e-4eab-ac9f-fb2e4bc3ed29	0dcbc27bb400c489e3f11de23c98f16514bb529f447b67434c43f48d6ae4c96c	bYQTvdPq8qE220bWHGtBwDsM-GzPr5WKHy_pmSUDq6A	2026-02-17 09:24:31.007755+00:00	\N	2026-02-10 09:24:30.997490+00:00
50f2ece3-eab7-4e32-b501-a3b94b618721	83f8ae69-6f7e-4eab-ac9f-fb2e4bc3ed29	d93b51a3eac279097b5face2ddf2bceb642567c48a2d8f27ff4229b5c908a1bf	aKKwXcoiiik1g1EZApmFkYMeK1HOlrk1XuFmAzX8980	2026-02-17 09:24:30.896231+00:00	2026-02-10 07:24:31.008417+00:00	2026-02-10 09:24:30.870059+00:00
e038ef95-0c8a-4782-adea-09925877f851	83f8ae69-6f7e-4eab-ac9f-fb2e4bc3ed29	9b0f5ae86f54b8c8759dc30ddfee8f3527ccd61e758a9e03a7760764a43e5f42	VeMe5pYg5v22mNyPkYatuFgUvUEf_2iQ5rD4Nqa9MKU	2026-02-17 09:24:31.008564+00:00	\N	2026-02-10 09:24:30.998722+00:00
085f2d61-9096-444d-ba3d-771e47b2abb8	83f8ae69-6f7e-4eab-ac9f-fb2e4bc3ed29	72f2d52d85ad593a58a56c762f20ff9209c30f581c3b526d1f9da0d8f047a9d7	khnQGMpeaT9IlqUD-V6hxEJk9LOGvTAXxNOXKtM-fkw	2026-02-17 09:24:49.302624+00:00	\N	2026-02-10 09:24:49.302107+00:00
4957f518-2e7f-465c-82e7-4b5c095ddbff	83f8ae69-6f7e-4eab-ac9f-fb2e4bc3ed29	686d7c475f9b46569b63c4c5e4d4661bf96976ad0279f2e406c1b5f058f486b6	LMj5lxQTghVw7GITOa9d3c0a_HSP-q1CpslSz_HKnlA	2026-02-17 09:25:33.026345+00:00	\N	2026-02-10 09:25:33.025471+00:00
1fff4f1e-86a9-4c6e-a513-9174015e5a63	83f8ae69-6f7e-4eab-ac9f-fb2e4bc3ed29	9bc1cd095a69c89757f87aaca4c2e9d2cfc8a4ea6368eb63a42aeac7c1a30f36	ytS8F_tV8RWcu_rg99J4SZ4MNhxUsKZ9OAuqb9wRuO8	2026-02-17 09:25:47.320251+00:00	\N	2026-02-10 09:25:47.319447+00:00
13ddf450-8104-4cee-8d37-b843f3bd76d6	83f8ae69-6f7e-4eab-ac9f-fb2e4bc3ed29	ef1667d2248d93e7ed98f2cc0ef6cd139b381f12ebeee11bbb1d0bdd272669e8	oFwZXFUWFMIHbh1X_CLZfbCati56Ke57rowC5RNIXbM	2026-02-17 09:26:00.975186+00:00	\N	2026-02-10 09:26:00.974384+00:00
0f22ee59-f435-4ac1-a6b2-4ee42e9e5fcc	83f8ae69-6f7e-4eab-ac9f-fb2e4bc3ed29	dd736d869c24c687510dea7ff292110bc545b143eb435f48fbc9b2130772996e	fkkrfEQIzRcdBI74QsUT3BVhIq-rVDHis4UpKH_N8ME	2026-02-17 09:26:14.706638+00:00	\N	2026-02-10 09:26:14.705727+00:00
6731cd2a-3374-4fd6-b051-744d85769eff	83f8ae69-6f7e-4eab-ac9f-fb2e4bc3ed29	01bc1a0b88fa92f9711a0b9c02f301451376fe0c1d3300aa2db55bf5811341da	U1FmWcJ4BIdMKcGed-ZLfpCipIvXnDlFyailIRP55NI	2026-02-17 09:26:26.019062+00:00	\N	2026-02-10 09:26:26.017943+00:00
4527d525-73ac-4072-af8f-f564eca7cd56	83f8ae69-6f7e-4eab-ac9f-fb2e4bc3ed29	ec30dfa28928988b1d50808323f0e2b9f63c4f268cd8b35efe6f263060f71ca1	bTgtw52u8uOcuT_Nclrp4pwpLFFd8-UXTQo6BFc9Ci4	2026-02-17 09:26:37.138629+00:00	\N	2026-02-10 09:26:37.138134+00:00
2ad5295b-5994-4854-bf5d-15cb52a239ca	83f8ae69-6f7e-4eab-ac9f-fb2e4bc3ed29	78900116d56fe7cfd602d350708b1bca355d1023e383e510e9d6487bb542a49e	NdcVIRRm4R_LTxrzO5vQbqVrXgU2XUrXujpVXJ6Snns	2026-02-17 09:26:48.300232+00:00	\N	2026-02-10 09:26:48.299756+00:00
ae8d05c0-b9b8-4885-b943-b1e52c46cc02	83f8ae69-6f7e-4eab-ac9f-fb2e4bc3ed29	843473866ca2e14359b7e867dccda067692d04764322c8ed1ec1e37e99789929	JNEc1glmT6kfJIDO1uzD56iecHgg1PHep6VPw3lLy5k	2026-02-17 09:27:03.614968+00:00	\N	2026-02-10 09:27:03.614312+00:00
573bd30c-324e-4e26-8110-c40efa6ef42a	83f8ae69-6f7e-4eab-ac9f-fb2e4bc3ed29	73dec358e3497ffa328c614537d26770fd6728d84626746a6dfd8d649e61a87a	wF4oHNTfN4nnKlOk27WkTpHJ_tKHJrFOxbYJ0u7SKRE	2026-02-17 09:28:32.462441+00:00	\N	2026-02-10 09:28:32.461959+00:00
ef398a42-0140-4211-b9c1-0f5b87c287ce	83f8ae69-6f7e-4eab-ac9f-fb2e4bc3ed29	d90cb9d4f5360bf7b60ae265394fa72c444cc0c147100dfa9742aaa33b99a8e2	vBBN7paBOCHfYAtxJ2uu-9hzmuumg0taUUxsPKwGcMI	2026-02-17 09:28:46.566801+00:00	\N	2026-02-10 09:28:46.566388+00:00
c1ffce77-2d7d-440f-9e79-0b87eddbf600	83f8ae69-6f7e-4eab-ac9f-fb2e4bc3ed29	8313b3a2f3fe21d6406080704046dd5842201e8d5ea6694648b7ff344443df9e	kicrxWlJVMV_J9O5s5tZsG8m1ZGS6bKhhAmVLxVO_Lo	2026-02-17 09:29:00.430052+00:00	\N	2026-02-10 09:29:00.429397+00:00
933ddb32-067f-457f-82f3-cc9cfd86afde	83f8ae69-6f7e-4eab-ac9f-fb2e4bc3ed29	2aa78e901fad3b872b571a25d7e9105dd8a1fe2dba74744bbafee86ad6d69c72	bgRODdyzon3oVyZZXWItHMNsuSCecW-mX9DUrbXeVcc	2026-02-17 09:29:14.657085+00:00	\N	2026-02-10 09:29:14.655736+00:00
06f4559b-f017-4952-9b26-ab7dd0da50cc	83f8ae69-6f7e-4eab-ac9f-fb2e4bc3ed29	5a60438c1c4148563c2bcb8ab99344806624472b1e72350b912bebd25a280f85	9wG91UcrTmPs1FJYmEO3YiR7Nbpz1LnOVSNLDbGN1UU	2026-02-17 09:29:36.509063+00:00	\N	2026-02-10 09:29:36.508963+00:00
dcf6c4c6-61cc-4de9-b302-103b69c795d9	83f8ae69-6f7e-4eab-ac9f-fb2e4bc3ed29	8e6b832688bf5cecb7d7982eb9fce023b7d00c8d4827d180f31a52c337c3fab0	DdVU9PGMMGqq3l-xgeT9au-ZBfiZkN5wdf-CQj1leME	2026-02-17 09:29:25.358175+00:00	\N	2026-02-10 09:29:25.356824+00:00
6ddd9527-ba6d-483c-b0e1-4803ddbf7fc3	83f8ae69-6f7e-4eab-ac9f-fb2e4bc3ed29	704cd31c72f2d6332b9175a8bdee892e671d0bec9d2f8c74681766ec432ede91	CiKdKxtC7_dPw0GTH2OxNe14aHmOckRR7U9jCvEMSRg	2026-02-17 09:29:47.707060+00:00	\N	2026-02-10 09:29:47.707009+00:00
fb214dc9-79f2-4f23-a09b-70a7be7acafa	83f8ae69-6f7e-4eab-ac9f-fb2e4bc3ed29	ce2a4fbecaae627bb49ec1cfe76d4face002b1640148c56999d4dbf18c6d9ab2	FYLuGc_W19Fgs7UcECLLHXXtJAXpaq9w17A-BNV5SGE	2026-02-17 09:30:00.953366+00:00	\N	2026-02-10 09:30:00.953352+00:00
8b6cd05b-3f73-48f8-b722-286d3875b952	83f8ae69-6f7e-4eab-ac9f-fb2e4bc3ed29	72759372f87b82f0779767b6fe54cb15b3b65640f188cf27beab484ab5ddd388	5zEYvFq2lHIFRluovaBNr84qGg5RLO4att7PJdMBbuM	2026-02-17 09:30:29.399739+00:00	\N	2026-02-10 09:30:29.398707+00:00
bc4c892a-97d0-4673-b88b-d402ce4c9a75	83f8ae69-6f7e-4eab-ac9f-fb2e4bc3ed29	e542e237def64bace9f553c1e32eb1758551988919ae85d7c8f0adee7755218c	wy4EpuC4xA7hCnPOjS56T2cvSupMTp1psKU_LVztQpo	2026-02-17 09:30:14.545275+00:00	\N	2026-02-10 09:30:14.544464+00:00
96837453-f5b7-482b-8333-a51e8d1c7df7	83f8ae69-6f7e-4eab-ac9f-fb2e4bc3ed29	398a9d0a12e199b0a00fb64200b7b9fe7f68d71ab4206897d8bd8fb7d673eb52	GARblQXXasyKO48AzcyKLf8590WlhL-uYGUx6i_eTq8	2026-02-17 10:13:42.509568+00:00	\N	2026-02-10 10:13:42.509943+00:00
102090d7-db0c-4a60-9488-e6789551b800	83f8ae69-6f7e-4eab-ac9f-fb2e4bc3ed29	ca2dfd18b5d147a9d927530b4b7d62df6890070cca15d2967f0dd0d3cf7ad44d	vsJBpS70_WCdYjD_MHN_u-EuxY8ZGCyU9g8bSfRySTE	2026-02-17 10:13:56.257885+00:00	\N	2026-02-10 10:13:56.257279+00:00
0beafeba-2405-415c-921d-cfe255ae2c76	83f8ae69-6f7e-4eab-ac9f-fb2e4bc3ed29	598c238729839c44e8e3c39479daa2dd4d357bcc6eaa9f700311af4742de5eeb	0o9GMqZqxNIRcgcexaeV1UIbOcxDQaxt_iLMoLan9Fc	2026-02-17 10:14:09.977913+00:00	\N	2026-02-10 10:14:09.977827+00:00
721cbf71-ec2e-4a03-bf02-72e65e4f7940	83f8ae69-6f7e-4eab-ac9f-fb2e4bc3ed29	e15094a1fddbf38f859d09ad72f559a222b599bab73a13c34db912a82d24efd3	W89BD0r_xqX5TPD9Ce0w2Ys2tQi5KsPTDAQ24vE2F-w	2026-02-17 10:14:23.922415+00:00	\N	2026-02-10 10:14:23.922621+00:00
555a7d54-7830-4691-9f34-e215a1d98afd	83f8ae69-6f7e-4eab-ac9f-fb2e4bc3ed29	eee44ed30f57b45f9c67409a9bcb8f3086e8b1178dc50a3890ee58950c5af9bb	I_XXLwgqCyT6GsN8CY0R1e4ZeSrRh3HcqmpXcDoGCQQ	2026-02-17 10:14:34.905245+00:00	\N	2026-02-10 10:14:34.905006+00:00
2370ebfe-fde4-45f4-8a9f-7cc3fd995e0d	83f8ae69-6f7e-4eab-ac9f-fb2e4bc3ed29	2ba952ffde57b60932ee041d87091a0c275a62b8e618504e975d17c5159ecc12	XC5rADCggZJoCS27ee1n72ulQ3DfsoZW_U3Wsdd6eRU	2026-02-17 10:14:46.400753+00:00	\N	2026-02-10 10:14:46.400525+00:00
31d0f18c-40a1-434b-a808-cd2e44f6d20a	83f8ae69-6f7e-4eab-ac9f-fb2e4bc3ed29	be9e5ac575cca8ef52f7996f864f0a95f85b5cb3047758ef4139f3c2d664ff8a	BjFkpGrTPJ3IgrVtQGNQaHtn5cyot7nvR_rELZop5Eg	2026-02-17 10:14:57.804798+00:00	\N	2026-02-10 10:14:57.804549+00:00
2ad3f0c8-057c-456b-9b3f-1d5f472e53f8	83f8ae69-6f7e-4eab-ac9f-fb2e4bc3ed29	1d81c094fccb7136e134d805623d6ac2000618bb6aba4631d5be0f2cb1eeb6a3	5mVywwCc4oBxeycHWO7dNIPwyYJAtGFMxx1WeqO9eNc	2026-02-17 10:15:11.758203+00:00	\N	2026-02-10 10:15:11.757577+00:00
08d7afdb-5b08-45ac-9b26-ae2f1fbd33da	83f8ae69-6f7e-4eab-ac9f-fb2e4bc3ed29	d9bfd9976a79de8c851933b5cfd12f9333bd87c567b4a140afd354fe87be3287	o4co-OpYpNodT02EbtTJ-eKTywMx45pOJjOJELwkrUg	2026-02-17 10:15:25.575420+00:00	\N	2026-02-10 10:15:25.574782+00:00
283cc015-4f36-4699-8bbd-098c09066d5c	83f8ae69-6f7e-4eab-ac9f-fb2e4bc3ed29	f5d224b6324772fd513218db03155b22a46cdb91ab0865c1bb471e9359087edb	nvtVBxoLCiy7xMaIqvvZ9kuQNhO5IAJSa5QFrnAXEfs	2026-02-17 10:15:40.941893+00:00	\N	2026-02-10 10:15:40.941004+00:00
cf4cf63a-a870-4800-a0ff-0c69b96a6e4a	83f8ae69-6f7e-4eab-ac9f-fb2e4bc3ed29	f66342d142d57b8c82cff9b88ea5ee902a16b05493f726492330ecc47466bde6	JwbbZtIj2qt-FSXwLxm3dkV7jybXlJe0DBO_vK4J7Ws	2026-02-17 10:16:50.722584+00:00	\N	2026-02-10 10:16:50.722503+00:00
4ac2d4fe-8056-48a2-a45d-9450e8d522fa	83f8ae69-6f7e-4eab-ac9f-fb2e4bc3ed29	87d70f9611cd7e7db7f958fb489c39266b0bee845625abd7a6c1f9f94954b7db	k6xPdDB2bCLXIt6ta3JegxMlF2Dc61VlirqfJ6aZO2Q	2026-02-17 10:17:04.743503+00:00	\N	2026-02-10 10:17:04.743039+00:00
c7e86056-eb87-4c6e-90f5-8119f7fc4942	83f8ae69-6f7e-4eab-ac9f-fb2e4bc3ed29	1909fdacbf3b509223ecc84fbf376e66bf5df0dd60d9ad94177febe3a4c42474	obd1hqRaPTAeqPhLSoGDFcwzbRwhJ-1wsdldi8tv4gw	2026-02-17 10:17:18.578769+00:00	\N	2026-02-10 10:17:18.578371+00:00
89b5bb94-54c4-4d8d-a1ee-c9c67e755bd3	83f8ae69-6f7e-4eab-ac9f-fb2e4bc3ed29	433d299ffa2a3c30316f76ca0d6c9274f033c3186d84c317c229a1df08a40bfb	9mD_3aAGUro_TSfBL_8_9kkOl1k9YmGggdQLiJHHuik	2026-02-17 10:17:32.863456+00:00	\N	2026-02-10 10:17:32.863128+00:00
fa094504-597c-47fb-91bb-a30cc5d18021	83f8ae69-6f7e-4eab-ac9f-fb2e4bc3ed29	88fdb2f6e563d1e0f6aa493a9e82388a6499053ebac16791b5235c10e3198426	wDb3trqhxQ9R2p4o_EIMMxce1Vo9p9siYFqMdz9Wo4o	2026-02-17 10:17:43.924449+00:00	\N	2026-02-10 10:17:43.923993+00:00
7a24883b-c0ab-4478-92e2-4a4ea0a93e59	83f8ae69-6f7e-4eab-ac9f-fb2e4bc3ed29	3d8eb4eb61f8c8a6b3af3ea2178497039d8019009ea804e6fbd8e74c088a8444	TvY4aTpCjJWlpjhWFBRll5FEN3zLcvAb9D-DYap5kHs	2026-02-17 10:17:54.966174+00:00	\N	2026-02-10 10:17:54.965822+00:00
e35d8162-0e7f-416a-b179-a542d39c44d6	83f8ae69-6f7e-4eab-ac9f-fb2e4bc3ed29	ad0125ae76ef019df07ea71303d55c60e3758569e83a9217407d88d6a46dfe86	x1SbpogpDxe6pBngKRY6XIUkMmteyzu-3OsF-7uE-Bk	2026-02-17 10:18:06.242354+00:00	\N	2026-02-10 10:18:06.242129+00:00
84859837-2a98-42fb-ac90-d48d6ce576c8	83f8ae69-6f7e-4eab-ac9f-fb2e4bc3ed29	c6da9a44b1000f1163b3080804a2e0f00c9c8deced5dc39e62fddcbcd045934b	b-JWGgrRpbOMSvRW1vOKx6tvJbF-tKWXIUavVB7NIDg	2026-02-17 10:18:20.115859+00:00	\N	2026-02-10 10:18:20.115602+00:00
1e562f93-8d82-4946-9376-63c59a152c82	83f8ae69-6f7e-4eab-ac9f-fb2e4bc3ed29	dccd142ae62f9dda76069070197fb845a61a084e845d44850548bb8f9cb3a223	dZLl89Z0LYyge4yL9ufOUAfXK4aWVKEQsJ4QissXV9o	2026-02-17 10:18:33.886778+00:00	\N	2026-02-10 10:18:33.886812+00:00
0eb84abc-9677-43e8-b488-c9bd02c2312f	83f8ae69-6f7e-4eab-ac9f-fb2e4bc3ed29	ec326e782b267f0406a40c914dfe2b6e6716563c308efbe0b41d52c5d27a3e8d	o50CkREUd76GvAJ4vtoEu9VLeEHSm1FLTrod2QGz754	2026-02-17 10:18:52.928191+00:00	\N	2026-02-10 10:18:52.927906+00:00
aefae0aa-7698-4526-88b7-e2727bd9300e	83f8ae69-6f7e-4eab-ac9f-fb2e4bc3ed29	4712e1ba9802d4da03754fcbe6a862daea793fce43597c98281cf59176c6a71d	UWT9lZVdTPjnV4ywVtw4qi_jCHIdM76MkPTJ08qN7EQ	2026-02-17 10:19:08.382582+00:00	\N	2026-02-10 10:19:08.381805+00:00
c74c461b-9013-4358-b792-b266f0617745	83f8ae69-6f7e-4eab-ac9f-fb2e4bc3ed29	3798dee2c16f2f8e531d9bf77a939a25b3edc5d6c8eb096c6facc251ede6b694	uGBB9vu9ULntkZ3EhTAz9y4-laqGW7FlDfKUbcmGkxg	2026-02-17 10:20:36.033030+00:00	\N	2026-02-10 10:20:36.033069+00:00
a06b547e-5cc9-48bd-bf51-e46d6d1712a4	83f8ae69-6f7e-4eab-ac9f-fb2e4bc3ed29	960d6e122466218952fbaada62403dbc011807535c867c61b1248ee43afcfd79	y971KK5hABZrEqM005BTPiYTDfLHIIvuI6PDuosHcP0	2026-02-17 10:20:50.152694+00:00	\N	2026-02-10 10:20:50.152792+00:00
ab3d8c6a-3a5e-409f-b94b-2141c09e057f	83f8ae69-6f7e-4eab-ac9f-fb2e4bc3ed29	e433241ddcea62e0fca6badebc116eca8285c426523a64257f127431ba0b730f	zvsq3PWIIEEUtKDIkvdNcJZF8vdhP9xKMDIQz0yNDcg	2026-02-17 10:21:04.080851+00:00	\N	2026-02-10 10:21:04.080846+00:00
684d115c-9f38-4945-82d1-afe209c3e329	83f8ae69-6f7e-4eab-ac9f-fb2e4bc3ed29	ff37f5a2d5584ea75afba768d8ed0befd6ec73e1da62023d724a7e26b5a93144	lMw4fJWC-PK-MW3VhLPjFWk04qMqfNSWy-Wii9UH7HQ	2026-02-17 10:21:17.782670+00:00	\N	2026-02-10 10:21:17.782184+00:00
ebdef203-464b-40a9-864f-1683a6181b79	83f8ae69-6f7e-4eab-ac9f-fb2e4bc3ed29	2b206311cb93112cf2ff008d52aebc10325bb65cea37c585c0455bfe0ed0fe09	qeaD6F-fz_VHorA0Dg-7CAWmWBLhDYNv7ZFkXFqqDWY	2026-02-17 10:21:28.688780+00:00	\N	2026-02-10 10:21:28.688445+00:00
ca24a39a-78e4-4893-85ea-524e600be57e	83f8ae69-6f7e-4eab-ac9f-fb2e4bc3ed29	4bcf68873a92ef797187849c5c68a046647f8360ae56f79b0d4e70bd4c12f07a	bmw7fZa4f8YTrc2olaZNZLZdB7FH3xjbmrx2ddOmTI4	2026-02-17 10:21:39.865400+00:00	\N	2026-02-10 10:21:39.864998+00:00
64a0c5f7-d476-4fa9-a562-8b7c6da6ffe3	83f8ae69-6f7e-4eab-ac9f-fb2e4bc3ed29	3ce90f6dfe282e6e57593d63235a621928142b0f95da19d3f0e7250549c2652a	u-IiF3BO5dAQNQvuLfb3uoLnzgc9bmZ8L8bdWoLZNuc	2026-02-17 10:21:50.850065+00:00	\N	2026-02-10 10:21:50.849394+00:00
c8582851-0fd8-4440-a809-df00351762c8	83f8ae69-6f7e-4eab-ac9f-fb2e4bc3ed29	b138dd569dc9455f61f6f1bb7aec229ca1987a1fa095132d90422c97c98f507c	M6WTGuczNjHZeZjx47l3zf3Y8xLqllM8HBMwCBKglNk	2026-02-17 10:22:04.746351+00:00	\N	2026-02-10 10:22:04.745825+00:00
317d3ec7-c029-4cdf-a6e6-46ae5bad4563	83f8ae69-6f7e-4eab-ac9f-fb2e4bc3ed29	0b3dbc116909d646f1fd63fcadd67b0ac145f228f6bfb0f5d384e028a6caca97	POEBJYCUmbAQ4r1Jw2Wsbrzpqte-7ilf_uRKdLV5C3g	2026-02-17 10:22:18.397463+00:00	\N	2026-02-10 10:22:18.396725+00:00
5a68ee52-f8b1-46fa-812e-4fa0448e1112	83f8ae69-6f7e-4eab-ac9f-fb2e4bc3ed29	4805e79090b22046166dc284090a0e3e8f3005d3d1a9f74de5f811b957358590	A87doMi_lZceD4bunHA8zMh_6G5kau_3OZ-4Y7BdZeQ	2026-02-17 10:22:37.595977+00:00	\N	2026-02-10 10:22:37.588336+00:00
7fe4592b-a6f0-4bba-a97e-dc18ef08fb86	83f8ae69-6f7e-4eab-ac9f-fb2e4bc3ed29	57236a0cadfa0e8f42eaedbb6d73ec4243ade0c4cc4d78fa69d5a6eda9f90ad4	v0fuAN5Svnflw3yrd797SBUvWfTXnz_N8icNo1tyRi0	2026-02-17 10:22:52.909541+00:00	\N	2026-02-10 10:22:52.902040+00:00
2c20dbcb-d018-4844-b0e5-cf94f747ca17	83f8ae69-6f7e-4eab-ac9f-fb2e4bc3ed29	1614fd2b25f546720ab710865e7d8bc59a219c2f97166cfc4c3c0ea400993d34	6Gb9TcpgwrflPB8_2BZnrvC3WdCM3iPmrIjMjwedCFY	2026-02-17 13:32:08.156059+00:00	\N	2026-02-10 13:32:08.156436+00:00
71829224-6bf2-4675-8f95-026b1934aee2	83f8ae69-6f7e-4eab-ac9f-fb2e4bc3ed29	636934f1a59138d9871cb43fa6c99a3d99cef3ec982f01ec79f9039853359259	tYV-zQkEHrrdZnb0R5FwRporld9-fOliAnh5ZzqH0YA	2026-02-17 13:32:22.342258+00:00	\N	2026-02-10 13:32:22.342145+00:00
530547ab-70c4-4350-988e-37dbd1ef1cbe	83f8ae69-6f7e-4eab-ac9f-fb2e4bc3ed29	b7a5f8e657cac0dee4b3bfe713bba60b8fc0a93aed25a9d8570e07f9f9cea05a	37iAEK0fKl99PbppzcPjgHN8Ld0WgNyjW0h3GRm3Ljk	2026-02-17 13:32:36.308750+00:00	\N	2026-02-10 13:32:36.308559+00:00
3e06c4ee-7d61-48b5-a571-45b542d3bbe1	83f8ae69-6f7e-4eab-ac9f-fb2e4bc3ed29	08d6515ab598ec0ff42f0d168ce5d87e5b82b663f892cb90c8938ef261d0b226	Td5r98C3WRJR_m7ZASai5OXhTDKahyMVmq9amLVDQf4	2026-02-17 13:32:50.230504+00:00	\N	2026-02-10 13:32:50.230645+00:00
3f999c88-2507-4dca-a480-4a6ae996200f	83f8ae69-6f7e-4eab-ac9f-fb2e4bc3ed29	83463b0eee973262f207677953eed777818a86aa3e941b95437f17a364cedeb5	_1JQ7NoXZ9N304S5bebkfhtQ0Gc8-13uqQjNbAKKmn0	2026-02-17 13:33:01.206879+00:00	\N	2026-02-10 13:33:01.206881+00:00
edcc0731-8e95-42ec-be99-9b17d852b8a7	83f8ae69-6f7e-4eab-ac9f-fb2e4bc3ed29	b1978cd7c5087c0a124cef88c40361f10a216072b4e18b5d8a7dfc6e522e93ce	c_tOrwpVnmd1Po9wBGGAabSA-boqS_3OCNhlhtQl92Q	2026-02-17 13:33:12.296057+00:00	\N	2026-02-10 13:33:12.296081+00:00
49da6edf-6802-4a05-9e08-e41a71513160	83f8ae69-6f7e-4eab-ac9f-fb2e4bc3ed29	0458bc5d204c96b86024179cf3b0b0f89559de711951d499c19c642c02a1edc0	CF0zKR2hVNq11avqpVNeVTliMstbGeOvSxiCFeQB4e8	2026-02-17 13:33:23.379093+00:00	\N	2026-02-10 13:33:23.379613+00:00
186ce676-a219-43e1-afe4-c24b33cb8586	83f8ae69-6f7e-4eab-ac9f-fb2e4bc3ed29	0b42c8eb6fca0faf0c96555ef9eda076f3f2241617b33e35a4b1d960ac1c8198	IpnTiTHbnrL4g_hYLRG3uFmdROpS4IH4LkN3tPgy1ds	2026-02-17 13:33:37.216500+00:00	\N	2026-02-10 13:33:37.215547+00:00
dd01bf86-c652-42d2-85bb-4e401cf69a59	83f8ae69-6f7e-4eab-ac9f-fb2e4bc3ed29	e858a8df0cef2a98f80f1a9bded44f06bfd46e28107ba092e59c1efabed9c760	pwh9AhElaWPf889oTixTvLdgrWLBjgmxH7XH3rNPwEU	2026-02-17 13:33:50.889653+00:00	\N	2026-02-10 13:33:50.888800+00:00
01c1289e-c5bd-4da5-85bf-9b3a6db2aba7	83f8ae69-6f7e-4eab-ac9f-fb2e4bc3ed29	d09458730d0487eba3dc4bb9d86cf0677894f7f115bbc8a58d67076a6bdc2546	i22gEouZI765OlFEMzeSRJutWouEiMW4Ik3z2S16zTE	2026-02-17 13:34:10.164563+00:00	\N	2026-02-10 13:34:10.164181+00:00
db1d35be-098e-47c6-a597-16dc7eec11a2	83f8ae69-6f7e-4eab-ac9f-fb2e4bc3ed29	501790cd97f055c72d175ef88db247b3795bc62b4bf55bedf1ef8c0c32a3ca55	YU1iKRFmEqqAohQbZpom5Yg8E-wN1G6UPiCWRRdPkuY	2026-02-17 13:34:25.328459+00:00	\N	2026-02-10 13:34:25.328459+00:00
1366b685-8e23-4708-b932-8ef0da8c3554	83f8ae69-6f7e-4eab-ac9f-fb2e4bc3ed29	9bf136c1a77f50023eba13ea7d84fa3da978ef353dc39b8b3ee406376fee9f3b	OQV_uF6_7ugNGCGoFG7D2ZPoWhVT8vW0GaTB7FIIsKg	2026-02-17 13:36:29.953393+00:00	\N	2026-02-10 13:36:29.943262+00:00
68f9828d-5a28-4d5d-b621-fa7999c491db	83f8ae69-6f7e-4eab-ac9f-fb2e4bc3ed29	96df15966f0c2b4cdde61cdfd4ced8f77bf480d5e45ee0a198a577bd01586953	vWOU9QqT3_7P3aWxVyFobUOdhg1UJMjck4uiPQfkDYw	2026-02-17 13:45:53.176315+00:00	\N	2026-02-10 13:45:53.181959+00:00
f3ced4a4-30c1-4f59-be5d-fc0b9da55f86	83f8ae69-6f7e-4eab-ac9f-fb2e4bc3ed29	a962e54b2a9899231cd7c61bf768e3affa866522cc1f2df5ef87be3dc1c3ec71	8GFMjTXUzxYtTof--GU6vJvp8PgHKFXXYAgUXGKsQik	2026-02-17 13:46:06.521806+00:00	\N	2026-02-10 13:46:06.521378+00:00
d6e688f3-7fe8-45ea-a8cb-66aeb587177f	83f8ae69-6f7e-4eab-ac9f-fb2e4bc3ed29	d9d2b0d41c1848ec6247213eb0036fc2487bff6961c14ce9c042ffac609d9fd7	HK6iRwyoOBb65_yL3LYfuzceG9EOAqvyfe93yz4CmOs	2026-02-17 13:46:20.382172+00:00	\N	2026-02-10 13:46:20.381980+00:00
5ff58d1e-42f2-4f4b-8ea5-658d4016f77a	83f8ae69-6f7e-4eab-ac9f-fb2e4bc3ed29	d58e091af99671251a55ea864c35e68abd651fbe37f3d8adcb7fb115956dc215	Xt876HMxRPFsYRbp8k2iTEQB2aG3cabQ4jsxfUbYN1Q	2026-02-17 13:46:34.535268+00:00	\N	2026-02-10 13:46:34.535389+00:00
c4506d3d-e920-4ce6-898b-3cd9f060ecfe	83f8ae69-6f7e-4eab-ac9f-fb2e4bc3ed29	52e7ee8a505793d35fdc756095b58ea3a93725bdbd7977d22cd1d8faf0e299d3	-72LmWkQSpqN1ExPW86xog5huhiGbAeHx9-ni3CzWUo	2026-02-17 13:46:45.638821+00:00	\N	2026-02-10 13:46:45.638831+00:00
91d27558-7bc2-43cc-badc-d793bea7b51f	83f8ae69-6f7e-4eab-ac9f-fb2e4bc3ed29	c774d135c168ce829bb78ab68591e63edb56db309cd0d51a7e2a66261e90eca0	wJMRRaQwQPTOCNBZdnzBzh1cVxadf1TedvJ3Q408SCs	2026-02-17 13:46:57.031253+00:00	\N	2026-02-10 13:46:57.030983+00:00
978a5e13-a01a-4918-a0b8-ba1b3a43b6d4	83f8ae69-6f7e-4eab-ac9f-fb2e4bc3ed29	9e67906226a545bb799ff35ced72c1c63a11b12e8d5b6a6c0bd32270b4cf9d4f	Nj-NibEbBJThVUr1adKZEGU3br17_WJr_fiLkplBszE	2026-02-17 13:47:08.144078+00:00	\N	2026-02-10 13:47:08.143878+00:00
2532bc9b-23fd-4cb5-b9e4-edabe0940836	83f8ae69-6f7e-4eab-ac9f-fb2e4bc3ed29	0db9f3a67ad57aa19923cc15ea884fc2927e65e7d20f66e7ecc74b65b60a480e	forLNsNEwLptCL9HSJL-ZALAJ4oqG1bwKUtC5R7yG6U	2026-02-17 13:47:21.823793+00:00	\N	2026-02-10 13:47:21.823160+00:00
600ed1ca-1968-4301-ab94-b36d7be153fe	83f8ae69-6f7e-4eab-ac9f-fb2e4bc3ed29	f20c29661d63ea9f1185ab9f04155adcf5770a87a792ef637e1ad0c51b72806b	wHcZL7XD3s6RDyun7QoMLB-IPs7yq4_yyt6zYpODTIM	2026-02-17 13:47:35.446768+00:00	\N	2026-02-10 13:47:35.446289+00:00
132ccafd-8723-4c76-8305-d1aef7471a2f	83f8ae69-6f7e-4eab-ac9f-fb2e4bc3ed29	c39a04cc977b9ba049e54547a7f841253ca7a291b671256904aeedd2e5788ce2	eFy2CnbAnlZdewz0NxewaP37jIKj0Q0SDgs_m_BWtAU	2026-02-17 13:47:54.104810+00:00	\N	2026-02-10 13:47:54.104536+00:00
a8247c21-7d09-40c3-86e2-ac081cc8a1fc	83f8ae69-6f7e-4eab-ac9f-fb2e4bc3ed29	b9e49b5d5b2681b47fe3203f3886eb14b53125764599efb338d4a48ba1e767eb	8kIhQ9pSBdwq5GVsjXdlqdfyibQMV3WAp7EWG0uG9hk	2026-02-17 13:48:09.489442+00:00	\N	2026-02-10 13:48:09.489401+00:00
7e840f40-c45c-4cd5-9653-60c5bb09db77	83f8ae69-6f7e-4eab-ac9f-fb2e4bc3ed29	cc329fef0a189158b6c814cf7c5b625b49730b38a78124dc24103f62ded1f9d2	ZKHP4oEtf0I5KIMWVQXkbJ31I8qVnu57Fd9YtuQkuYY	2026-02-17 13:48:45.970977+00:00	\N	2026-02-10 13:48:45.970806+00:00
fe232fd2-766e-490d-9032-b05c5291ebf2	83f8ae69-6f7e-4eab-ac9f-fb2e4bc3ed29	b2d3c139173234f83088759681d3e67b80db2c63bcfe43c1d078697d9e7380a0	ltZjVrZH70rJPt-PKIm6oOXzYGYpDmQvCjqIWpz2zVk	2026-02-17 13:49:16.410885+00:00	\N	2026-02-10 13:49:16.410951+00:00
51ebb9a1-0638-4ecd-a93c-cd520e692aaf	83f8ae69-6f7e-4eab-ac9f-fb2e4bc3ed29	46d390758786800c86b6a734a1208bfb07acc95074258fcb54e3096e0f17b134	P6eGd2i5q0-egNUVlVAa3HlXuqo15oyPiDLPwQZm_L8	2026-02-17 13:49:30.618079+00:00	\N	2026-02-10 13:49:30.618111+00:00
35fe272e-f804-4615-aa7f-7be3e4d8dd46	83f8ae69-6f7e-4eab-ac9f-fb2e4bc3ed29	3f82c91a5e50b7921b932e203bbe1d888be12614ade8e7144b091eb043e33757	ADVWLBZE_L5oKzI84Of8CkZg9GVdg2ATqXtNQTCsvGI	2026-02-17 13:49:44.507997+00:00	\N	2026-02-10 13:49:44.508259+00:00
42648824-a1cb-4f8f-a0fb-7c46c92bb594	83f8ae69-6f7e-4eab-ac9f-fb2e4bc3ed29	625deba4a34281280f4d369666fffd7bb6be0c0dd5f0a6fc2dff05ddeb6a38b1	0UXkXRa5zWq_KHzfcdoksZnrYzCapoGGpDyPp-W-Pjw	2026-02-17 13:49:59.820714+00:00	\N	2026-02-10 13:49:59.819288+00:00
76e6a5d9-b7ae-4928-8ec7-e241c3e25447	83f8ae69-6f7e-4eab-ac9f-fb2e4bc3ed29	15016898f311faee22d2192c1452fd88baa4c44151d45a00bb38a27b6ed47186	WnN6PZtMhxU7AkTPyEtA95QeUDt1Z41WoI0YGTffKRc	2026-02-17 13:50:10.705383+00:00	\N	2026-02-10 13:50:10.703441+00:00
a2e1d048-0c5c-4388-9219-d4855001351c	83f8ae69-6f7e-4eab-ac9f-fb2e4bc3ed29	f857ff86f011a80036daf254acc2b3d54963dbae8ce398538ab1737a378a4dd0	luhaowEr5-RfaFDGdCkpwBfB0rkLXKfZm9_ZO1-3vvw	2026-02-17 13:50:21.109060+00:00	\N	2026-02-10 13:50:21.111184+00:00
c3e2882e-07ca-46ff-a509-7ab5914c356e	83f8ae69-6f7e-4eab-ac9f-fb2e4bc3ed29	0cabc261077f8bf408d29a006a4eb6a7ce75a375128aec70767aa666d1930b30	KkPJ9dznRsFFcmy6BT_nGrsZX4dEv4RdkuDLgFo9M70	2026-02-17 13:50:32.472056+00:00	\N	2026-02-10 13:50:32.478561+00:00
003bbe2e-a1ed-48bf-b16f-35a5c4fd39a2	83f8ae69-6f7e-4eab-ac9f-fb2e4bc3ed29	908b660a1978803548c5f97991e37f04a6d89ce8ae89c66e62fcc9eb4deaee18	uowFWByXSKOAoflhW5mybmqrzxz7M3BzgWiJW9gq0zk	2026-02-17 13:50:47.371897+00:00	\N	2026-02-10 13:50:47.372178+00:00
83431f4c-89be-488d-a2e7-c7abbfe5e3aa	83f8ae69-6f7e-4eab-ac9f-fb2e4bc3ed29	d38e08a1815d09b974b1024e4c86ca40fd988b8bacf3d714b1c251e75774e3f0	aKhkQAwlzxjWi6Esx8KKjM-iOap3ZHLoKLsK21JGxx8	2026-02-17 13:51:01.374101+00:00	\N	2026-02-10 13:51:01.375134+00:00
7373e7b9-2a46-4e25-a8dd-36c3f48d71c9	83f8ae69-6f7e-4eab-ac9f-fb2e4bc3ed29	d327f69e7924d9dc00038413893bf029a132e90d9bcac98f70813f32009b6e0d	bM6YFowFXmv0DcE-3Tcd1vr5ln0yOJhcqCnuTGAcRd4	2026-02-17 13:51:21.704537+00:00	\N	2026-02-10 13:51:21.704026+00:00
66a15230-e3a6-4a69-9d88-ab405b81e8a4	83f8ae69-6f7e-4eab-ac9f-fb2e4bc3ed29	bf025b6f526cf5db31c10ccbb3b42a6b45b221840486fbd21a582ce1ed9004e7	LecnmwZ1KEp9Q0yWXo2Vm0hpnws7RJRaWkt4eRdlj9E	2026-02-17 13:51:36.726095+00:00	\N	2026-02-10 13:51:36.725680+00:00
8e9491e4-301d-40d1-a7d1-f4787271a264	83f8ae69-6f7e-4eab-ac9f-fb2e4bc3ed29	a726a72e13a71a122fefbb04e9726523281fa362cafd333c28afc8119414914b	Z2nBcVvOxdhqvAT3hAU3S2Tjf_k_6FWkcdbQgSTpEXg	2026-02-17 13:58:58.630129+00:00	\N	2026-02-10 13:58:58.631681+00:00
3d0b0e46-0b51-42f4-824e-14e143136a06	83f8ae69-6f7e-4eab-ac9f-fb2e4bc3ed29	6302d6e855d43da25515d037608631dcc81785e3a33b95276643c77851a89f15	kYWo7UxKVG6m_BOWj95WUrHHYzag-mZ8acqSF-LH8n4	2026-02-17 13:59:12.338747+00:00	\N	2026-02-10 13:59:12.338814+00:00
330b2ee8-5cba-4721-b6c5-a6b7264386d0	83f8ae69-6f7e-4eab-ac9f-fb2e4bc3ed29	c2b013149973ae894443b928acb8d157d9e1068286f49f01f4c4f75d3c8c851a	3vJI9rO8b48qNRoK7BGZ0wtLQK6xVYfjZCZe1ZeMFco	2026-02-17 13:59:26.743483+00:00	\N	2026-02-10 13:59:26.743335+00:00
5a457f8d-a508-4a45-a7af-b6aba8dd24d2	83f8ae69-6f7e-4eab-ac9f-fb2e4bc3ed29	a206db089a177502ff50135e63e1c7ba66803703f5924bd59e782a3e9cf1c589	nc81g_NQSW8nU6ltoHyi4KeqGhjR0LUlvKs8Df7El9Q	2026-02-17 13:59:40.683698+00:00	\N	2026-02-10 13:59:40.683611+00:00
2e2aa03b-01b6-4474-8ada-491a425fd0b8	83f8ae69-6f7e-4eab-ac9f-fb2e4bc3ed29	2964aac8299082af403be2ac3404a6fa157ac1c37f24a1620b88fc143f638b60	VwYoN9ZhEvKzmi6M4UlWzVxTSeQNyQVkbxvesfbtMhc	2026-02-17 13:59:51.703341+00:00	\N	2026-02-10 13:59:51.702971+00:00
6bd88969-46d1-4808-9ff7-090bc762ba44	83f8ae69-6f7e-4eab-ac9f-fb2e4bc3ed29	ae721063e225b23caa0a60057f5ee3a3e6bf3d7440bb25b695ce3dc15bdb15d6	ouTWgmYabMiMTGbV0EQagoG_7gHHZmYgr1ilAFwcda8	2026-02-17 14:00:03.156109+00:00	\N	2026-02-10 14:00:03.155772+00:00
26e5488f-9dc0-482f-9329-be45e327889e	83f8ae69-6f7e-4eab-ac9f-fb2e4bc3ed29	0051f27a47a07b97966542a872b919933b8bd557b804806b3a667c2c46f044ea	x72qKupX68aA9YtJF193Kn8S33MFQut3pTdKha71cyQ	2026-02-17 14:00:14.232004+00:00	\N	2026-02-10 14:00:14.231825+00:00
fbbd2c3b-7e5c-43fb-9253-8c88e0a05f29	83f8ae69-6f7e-4eab-ac9f-fb2e4bc3ed29	8382687cd1f1c6ac1fae3438c6c47791c98bb18ea7e7e90b3b6fe168a568d28f	yK_hpFE3yvD8munmq7n8Y-sYY2kC2sdH1jXZQ3uenl4	2026-02-17 14:00:28.052844+00:00	\N	2026-02-10 14:00:28.052454+00:00
f760aecb-4789-40e6-9692-5f5afab7d532	83f8ae69-6f7e-4eab-ac9f-fb2e4bc3ed29	8c6b6b3ac5e7f7941a53c22fd78fa480552bd0238151c1548d1ce70c6f6766e5	RRwFwOMWvbMcoSNIKh3-o9xK3Wdr2Dvm-niYVP3cfGE	2026-02-17 14:00:41.711293+00:00	\N	2026-02-10 14:00:41.711007+00:00
93819d6a-f8a8-4ead-80d6-b0092c6089de	83f8ae69-6f7e-4eab-ac9f-fb2e4bc3ed29	41b5b7fc57ea9c523e5ac0863f4c44204cf091ed0e99bb154551618671d119f3	lHStZ8TPcFf80i2l_oODhXEhiwS51VfUGEaxCVjSOUk	2026-02-17 14:01:02.640829+00:00	\N	2026-02-10 14:01:02.640317+00:00
e25ac768-4ebd-4266-8ae2-9a73fa7e169d	83f8ae69-6f7e-4eab-ac9f-fb2e4bc3ed29	442c0e89c705eb8f3d265a504f87223d978535a46a224853d5729043868a2b9e	1U3wVvw2-hPYXvxb2Qw2GV3Dmz_hVLIKUanDAsNweQc	2026-02-17 14:01:17.796850+00:00	\N	2026-02-10 14:01:17.796811+00:00
da076946-2b56-40e8-9640-22d08309960e	83f8ae69-6f7e-4eab-ac9f-fb2e4bc3ed29	1188da23d752c9b153fd0d96643f2cd42a2eeca41a855bdf3bcee0f9a84164bb	ib98qQGePYaxNGnFC4YpXH6rWM9xI14hI0p4I80XkUg	2026-02-17 14:26:45.093230+00:00	\N	2026-02-10 14:26:45.094228+00:00
9d59355e-3f50-41df-8fd4-017e60f161ad	83f8ae69-6f7e-4eab-ac9f-fb2e4bc3ed29	d6f73c76884a07457ad370979110d0c00303525c25f1be9d953038cbb23c6161	twt8nu8cdk5xlFjb-Cl4dv6HWWxm40LuGyJyCI38trY	2026-02-17 14:26:58.875396+00:00	\N	2026-02-10 14:26:58.875357+00:00
ff909b6a-6fb0-4801-ad3b-47a48dd4e4fd	83f8ae69-6f7e-4eab-ac9f-fb2e4bc3ed29	c07c993153853c3a8f3b90b6a0949fac2fdd6c0098a378561f5686bac134556f	Xb7Y2Met1e8uZKdRareHKhdwB9EO506itgkhVdQJjwU	2026-02-17 14:27:12.688909+00:00	\N	2026-02-10 14:27:12.689009+00:00
5b06dc82-df4a-4533-9caf-45a58668284a	83f8ae69-6f7e-4eab-ac9f-fb2e4bc3ed29	308a44fab88b17730febce62b04198c5710edce2cfa2e3facdfa1f54e28d0987	WXzPSIdAXdQuQbQ0sndQ_tRfr1nUeFprUlfb8l6AnLs	2026-02-17 14:27:26.332800+00:00	\N	2026-02-10 14:27:26.332459+00:00
459bc1fa-10eb-4aa3-9262-5ecad3d6c783	83f8ae69-6f7e-4eab-ac9f-fb2e4bc3ed29	87d88ee2f3103313b8b794d87e9ba53035dd6c9eeedd890c21e63237b9dd5084	2fuSgCGcGz4Mh8Q-0oXRJ_snmhbT-ymiitwbrONuX4M	2026-02-17 14:27:40.666932+00:00	\N	2026-02-10 14:27:40.666766+00:00
6a737f84-3a28-4d8c-9fe5-ef9eb491a42c	83f8ae69-6f7e-4eab-ac9f-fb2e4bc3ed29	0ed7340f37bdf1367a13ff0ab630b7d2b3d6d86d72b24b25cc1396cabb9ffe25	x_SMGN-6RTSgN_MVHMsdfpHsq6QzKKZZmjmA_GpIDi0	2026-02-17 14:28:00.378183+00:00	\N	2026-02-10 14:28:00.377727+00:00
7ed81aa2-9a14-4254-9f0e-217b730447a6	83f8ae69-6f7e-4eab-ac9f-fb2e4bc3ed29	7b1a0800e0470b43ee9b71d482f10131f8b132a91c8c9f8b846d10e36105d02e	5EGkDltLRNsk62TIQGUG-JVrmt86eFTzKsQUWKVdq94	2026-02-17 14:28:14.877976+00:00	\N	2026-02-10 14:28:14.877966+00:00
6393c873-b68a-40b4-a0b5-692a11b28f30	83f8ae69-6f7e-4eab-ac9f-fb2e4bc3ed29	e1f37f85914201a43932e1dfe575bd75c9afc73485d8026360ebf4f6402b3a6e	byANxXhAlN6nUzPPdrteh_QOwnUk_HfjIGP6fjMP0PQ	2026-02-17 14:28:26.020270+00:00	\N	2026-02-10 14:28:26.019845+00:00
d31fd777-3142-4d8d-87a9-f3ea88f01113	83f8ae69-6f7e-4eab-ac9f-fb2e4bc3ed29	0b98cb1bacdd46693e548a70c4bb5a8b86832f03925ee2445605fed9e10f4b66	Bmc-N1PQrzAM9dS8ryDiOW6_73tK9-9g0Z6NOdmmm98	2026-02-17 14:28:37.260932+00:00	\N	2026-02-10 14:28:37.260691+00:00
8316d0b7-183d-4531-b089-e20d4b414412	83f8ae69-6f7e-4eab-ac9f-fb2e4bc3ed29	803e0647ecec27cc4377632307eb3427b8c49c802a13691568e9f38e86392c47	wRpuFNDF3tGTfPrkciBpkCIVR16BhVGRE0-jCv0LYqY	2026-02-17 14:28:50.907824+00:00	\N	2026-02-10 14:28:50.906334+00:00
8ee381bf-f3dc-485d-af1c-8afb33c231d7	83f8ae69-6f7e-4eab-ac9f-fb2e4bc3ed29	b17a622c8745f59314320be712dfd4e7c946d8f9ec1b9906c1ade9057e0e2416	KevjgUZd6UWKjlEuRlXr3tuI3PvUauT__JeGK-HNJf4	2026-02-17 14:29:26.022520+00:00	\N	2026-02-10 14:29:26.022336+00:00
3ebdacd7-806a-41c2-a5de-5974cba36209	83f8ae69-6f7e-4eab-ac9f-fb2e4bc3ed29	f7c189e416d26763761bedaa401be6601c1f9945a0a18de18f3fb3e8b7097336	tiPvEIbPMy8VLahCVK9c3sBzH6mYTalDIku3Z8LmaaM	2026-02-17 14:33:09.578419+00:00	\N	2026-02-10 14:33:09.578496+00:00
08b95f72-5ad3-401e-a15c-6a9afab2b2d6	83f8ae69-6f7e-4eab-ac9f-fb2e4bc3ed29	05c3872a7ea955a06bc10e9f4936b7e79bd93443db29b403ab821d2457184455	edLsVmNeBgj7wbJewHf9VZps0S5ekVZe44m0FXzilOs	2026-02-17 14:29:04.738516+00:00	\N	2026-02-10 14:29:04.737298+00:00
b044877c-69b9-45b9-ba1b-25bb25ba03dd	83f8ae69-6f7e-4eab-ac9f-fb2e4bc3ed29	4570cb4e7e95bd0a66a51493dbf8818bf49f3c105eec693058d038bb75556a01	T8CSKi-3TekJcA9S63k88neXeIwEUSMXIh_bFs05MhM	2026-02-17 14:29:41.173450+00:00	\N	2026-02-10 14:29:41.173741+00:00
47130275-dfb1-44a5-acfa-ecf684323bfa	83f8ae69-6f7e-4eab-ac9f-fb2e4bc3ed29	271d05c6f14915d4bdcad07b3c1f019f24371d021fd826cea993608cd62a88d1	vh3mTOI53Sy7JumEDG2pHakgE9OrqwF-sEtm7c2Bbk4	2026-02-17 14:30:42.625726+00:00	\N	2026-02-10 14:30:42.625502+00:00
5f95aa8e-d938-4349-82bc-8cb5f0ab3dab	83f8ae69-6f7e-4eab-ac9f-fb2e4bc3ed29	8af08c1d5e678bcafbbe3b18df96d66855b3a563b6a884b78d388a187cce9089	V6UHNuO1MmMeoFF6OJAsqJzZQnGFRD30R1ARQlG2z2U	2026-02-17 14:30:56.289513+00:00	\N	2026-02-10 14:30:56.289384+00:00
2a2d96de-7013-4c3c-8870-a90317205bcb	83f8ae69-6f7e-4eab-ac9f-fb2e4bc3ed29	4cf213aba20b8b3a298efe93b9d1a6e87809a31123268d99671d6116bfe2b905	_knXBDqJ-B6ER-TMZam4AdVyJB7KIwiMu1_FZ0rNRz0	2026-02-17 14:31:09.901515+00:00	\N	2026-02-10 14:31:09.901248+00:00
97eb10a6-bca0-4926-af73-bbbc3f4a6526	83f8ae69-6f7e-4eab-ac9f-fb2e4bc3ed29	8ccbeef1004586b6b2fac24f3b92c28835b3b7a0c5c9504bd89d60aafb39d75c	S5sAnrNviE2Hi082IcL_xtWqJhLfJjilkuDGf_J-r9c	2026-02-17 14:31:23.550233+00:00	\N	2026-02-10 14:31:23.550123+00:00
5c4d27f8-8b0c-4222-808d-c31ea012ba55	83f8ae69-6f7e-4eab-ac9f-fb2e4bc3ed29	4cf6c99858a0ce3ebb36154ffe034e7ec5448efbae60f60379c22caf6435889d	KeKOZMMqtPWLGCIboRvmQRdOB2XvK7nemgM6eYq1MJQ	2026-02-17 14:31:37.406092+00:00	\N	2026-02-10 14:31:37.406169+00:00
c894aa2e-f625-4344-876b-131690a08c81	83f8ae69-6f7e-4eab-ac9f-fb2e4bc3ed29	94d7f5801791fbc45f0221d98980c21ea2e03d1096eb37197eff9f970788ba29	6ZpV4zq-nbpaL6AJ1c2QdrvJw_96ZxB-VxN_uS65hT4	2026-02-17 14:32:00.036035+00:00	\N	2026-02-10 14:32:00.036167+00:00
5eb1a10e-7b4d-4ba6-8036-4462064182cb	83f8ae69-6f7e-4eab-ac9f-fb2e4bc3ed29	067c8ec0f4359058cd8dbcc71e3af4b8ba481ea2c7fb123f2c0bf4ca3010523d	m19o4lTFMkHBg9DSwxDbBc0EI_r7KAdZ2DeUiKgHgTI	2026-02-17 14:32:20.211431+00:00	\N	2026-02-10 14:32:20.211111+00:00
9e742fa2-8971-47a8-87d9-e96f32b3d67f	83f8ae69-6f7e-4eab-ac9f-fb2e4bc3ed29	07c8a698f297deaa0284517a029e65c00537765a33cc776a2dd3667df2c89333	0BDBIUqle2K-jJrvaI-CLeXYH7cDaFEn6pNXQNzKpD4	2026-02-17 14:32:31.433783+00:00	\N	2026-02-10 14:32:31.433729+00:00
16d2f111-0fa6-48fb-8ad8-c9a5fb482a92	83f8ae69-6f7e-4eab-ac9f-fb2e4bc3ed29	a80cdf5db9c5e22641750f3b6c4561f60c509fba7604be2d9fb6032695b6eeb2	0pKb5XlsRP1OmEC9lUU7XMf8RVKV9aErKdGb0RIABZQ	2026-02-17 14:32:42.363167+00:00	\N	2026-02-10 14:32:42.363226+00:00
ab7c2819-b783-474f-8fbc-174d1c4c8d80	83f8ae69-6f7e-4eab-ac9f-fb2e4bc3ed29	745854d0b73212041496947dea21e0c6fca3f69b914639c0215bea9e53c8af74	WRz8gLNj6_wqSzx_zq7bqQMOFLByJikN1rr_tmIerk8	2026-02-17 14:32:55.953029+00:00	\N	2026-02-10 14:32:55.952874+00:00
5cb282d1-78d3-435b-ab2a-04b9bf1c13a8	83f8ae69-6f7e-4eab-ac9f-fb2e4bc3ed29	528d9fd624e1024fadaf02427b29057c5bb97447200eb141032c5fc94f183e5c	wM2c5-VD4pUW4Pyvtw94F5hHLUAXAqZL9kmlcvLRwao	2026-02-17 14:33:30.704690+00:00	\N	2026-02-10 14:33:30.704839+00:00
1e67c00c-60fe-444c-9991-62e7061b7db6	83f8ae69-6f7e-4eab-ac9f-fb2e4bc3ed29	84791070be1a85070b490f2c43a9118cf8325cd625547ec825dd471d55d02cf4	FtWLkAdTWdoZU8QvRwAQWnlpNg6Ku4n0FKuUJ0ui8K4	2026-02-17 14:33:45.632691+00:00	\N	2026-02-10 14:33:45.632873+00:00
61c72cc9-a422-4d1b-a43d-defe608460f7	83f8ae69-6f7e-4eab-ac9f-fb2e4bc3ed29	5b1ae4338bc4a8de784ba8305e189c4659adaefdf2dacd4c8cbce8dff142248f	aufiR--ls-ZOBh8y86hKJNxJsdHPyDdW3TKCjJeL784	2026-02-17 16:28:37.352866+00:00	\N	2026-02-10 16:28:37.352684+00:00
78c184b5-9e4b-45ec-ac78-0fc5f1843d27	83f8ae69-6f7e-4eab-ac9f-fb2e4bc3ed29	b34d5ab2df1e99f8a824e2f68d89cbbdd816c27a62c83f6713b20fd1f48dbaee	k_4-u90MUaHLDP6TkDoIDOvCfYu19JhNJIvfyEeiXXQ	2026-02-17 16:31:21.288941+00:00	\N	2026-02-10 16:31:21.291767+00:00
9dd98f94-0003-4206-8d49-5f8956c415dd	83f8ae69-6f7e-4eab-ac9f-fb2e4bc3ed29	1268c3392ee17fca7af26cbd89f603bbc77e176fa736f672a486b389889b0318	cEZY6eObkVF3-1SR5Bp4MlhUJl0ZSH59pBRMYZzpd3c	2026-02-17 16:31:35.294149+00:00	\N	2026-02-10 16:31:35.293311+00:00
35a48212-9675-4cf0-89fb-7ee57024ce40	83f8ae69-6f7e-4eab-ac9f-fb2e4bc3ed29	156ba26776856127f5de66daf19c4ae019f67a6570ec76e5ec867f4d83e0dee8	RQ7E16tsCcpyIYAkfUmEcw6W41o-T03EwcPxZy0mSQE	2026-02-17 16:31:49.205766+00:00	\N	2026-02-10 16:31:49.204655+00:00
4db993f8-119c-40d7-bb3f-d392c8679411	83f8ae69-6f7e-4eab-ac9f-fb2e4bc3ed29	a6d02a149c95913e1bf413acd1505c39b4fa63e5d2961c4a15823c4cda740e52	m0b7cUaNcjqsCK-gXb6jxW71cYrq6QtGckwmM3g9opg	2026-02-17 16:32:02.540445+00:00	\N	2026-02-10 16:32:02.539367+00:00
ca6b3734-df2f-4a6c-b67f-7af2dc0f4186	83f8ae69-6f7e-4eab-ac9f-fb2e4bc3ed29	0870ac3971895379e62f718b7ce1a2bbd902c862484b06e60593b233b9c6e3a3	bVNY0EiL8vlDoZSGNCzWPR6ClvFhFIDIbvagM2HSIqw	2026-02-17 16:32:12.861650+00:00	\N	2026-02-10 16:32:12.860463+00:00
93903016-b01a-4104-bf1d-8c33d1614ab9	83f8ae69-6f7e-4eab-ac9f-fb2e4bc3ed29	172ca1ec64ddb592c0a1f231e58101a6dd1a26f65cf36387b362ac92d1389012	VlgHJqJglr3DID1GQpk7x5HHihmKrN_OBYmTDzNCjhU	2026-02-17 16:32:26.140295+00:00	\N	2026-02-10 16:32:26.139802+00:00
93c3faf4-dd34-496b-a614-c0eb6a5baf96	83f8ae69-6f7e-4eab-ac9f-fb2e4bc3ed29	576c7d05935b1f3997af2d9dbd788a202644b897c099c16ed3aa21a21ec10e4d	dgjo3XtTdFXtl20160LpgRqXO-u6q6FhfrVuyNHFTLU	2026-02-17 16:32:48.128720+00:00	\N	2026-02-10 16:32:48.127825+00:00
bba2a696-a56f-4250-bb0a-81b6d3f43621	83f8ae69-6f7e-4eab-ac9f-fb2e4bc3ed29	8fdc50ce8b310b4e0b77c5b176ceaae7c45e1f4604bc2e28d1db3455c5ecbf64	a1B_HgKE-rpktIC6wtR_-MLD5cBrDCN9O5oDWo3-ulM	2026-02-17 16:32:58.535058+00:00	\N	2026-02-10 16:32:58.534374+00:00
172197e2-3e15-4622-a6bc-e7c8759de7d6	83f8ae69-6f7e-4eab-ac9f-fb2e4bc3ed29	9898809601ba9f969c9b1a3bdbe53f8e713549311c7504ce2b1ff2a1f37f773c	eQS7jSRpEAoRbk35n_rGhXmm0xckBiecoQ9XV44CY7c	2026-02-17 16:33:09.704353+00:00	\N	2026-02-10 16:33:09.703555+00:00
fd47ef25-d687-48a2-a466-53cda2642c21	83f8ae69-6f7e-4eab-ac9f-fb2e4bc3ed29	c1147684f1f32c9cbc3b69b3030104f7413ffb7387bb0828afb02cc8c1039a58	rQICtm-rkMxofRF_xVDNicfy9NHypz9qndRZzETgnu4	2026-02-17 16:33:23.769752+00:00	\N	2026-02-10 16:33:23.769438+00:00
db76b04f-2b21-4756-a474-574491876910	83f8ae69-6f7e-4eab-ac9f-fb2e4bc3ed29	109af08119263af3438fdcb43268656ead735cafb12cd79f011ebcfc4fe71a92	vdUMrhrHWUKilXChQNiPuUGc5C_Xe_s7K-OE0i1VTlI	2026-02-17 16:33:37.852387+00:00	\N	2026-02-10 16:33:37.851701+00:00
c7cbe153-d1fa-4966-9c4e-3f85a98bf0fc	83f8ae69-6f7e-4eab-ac9f-fb2e4bc3ed29	e56c0c4676c8574ac9ba4f5c8ff13291fb2e5ef7558d4145d74b90f1d9d60759	or3qgvp6ehgn_Q6WbktedsFVACBnnUfOwxvLVKN_5CY	2026-02-17 16:33:59.312921+00:00	\N	2026-02-10 16:33:59.310811+00:00
9051f82d-a365-42ab-9daa-7ef77486cfec	83f8ae69-6f7e-4eab-ac9f-fb2e4bc3ed29	465f7c67efce5d5de0db54dfb80021e37d4f8fa73aa06c0b63e599c004e36936	mr3rzrtYOJowplmkTw_pc3JZpFaAOP-HJLV0BrwNJww	2026-02-17 16:34:14.656105+00:00	\N	2026-02-10 16:34:14.653968+00:00
16dc4030-59a2-487e-b790-731002707c82	83f8ae69-6f7e-4eab-ac9f-fb2e4bc3ed29	5995a6e26a6a3f088ebe8c0118afac8a4443bdead3e0d0417d36a679b5970a9b	1SeiOxgRSCHW3YnmIm1ze1fWqd3WUlmWG3NMyuNau60	2026-02-18 09:32:03.067426+00:00	\N	2026-02-11 09:32:03.068081+00:00
a8c3085d-73bd-4118-90f4-0cad918cb275	83f8ae69-6f7e-4eab-ac9f-fb2e4bc3ed29	80309bb3208bd716e81a6f10fd568d558cde6e4a825a251db018a773eab1a88a	x8uyc2N8351oxURTcY_2xbL2rpaJrYeFFEGItk16vE0	2026-02-18 09:32:34.648859+00:00	\N	2026-02-11 09:32:34.649017+00:00
11d678b5-e548-438a-b031-745a26b27ad2	83f8ae69-6f7e-4eab-ac9f-fb2e4bc3ed29	6074b3e366824b14056388c223b5807c9c41dff1c8350a27e68e4004098dd6cb	y1bCjytKu1DlKALMkxfn82pAu8bQIuOBX-6_yXTzi3E	2026-02-18 09:32:49.138784+00:00	\N	2026-02-11 09:32:49.138501+00:00
88d248e9-3333-4832-954f-f9e761791670	83f8ae69-6f7e-4eab-ac9f-fb2e4bc3ed29	32c50cf90346c1427ae94b805a35c9c67b239cdc4dcdafad13cdc6cd58155907	h_5_fJeuVJkote4lCZaOBcmNlucryPWOjKO8y_zCSf0	2026-02-18 09:33:45.025729+00:00	\N	2026-02-11 09:33:45.026051+00:00
9331a440-92ad-4b48-8d92-2b9c409299fc	83f8ae69-6f7e-4eab-ac9f-fb2e4bc3ed29	cdc70a249d5135547d6758f04166d0959534d9afae4c00869029daabe1c0e681	vmU3pMkXkjKIxEiMbRZ8V9bwwjGhO8A-osvSE8Rig7g	2026-02-18 17:31:30.170814+00:00	\N	2026-02-11 17:27:57.867894+00:00
99c5d49c-35bc-4d8d-8816-b73bc81f993c	83f8ae69-6f7e-4eab-ac9f-fb2e4bc3ed29	ff05a73bfe98fdba064e840dd5c665d573814d7d361a92a77287a75af188ee62	pGTg4s6NQtoDUs__wROAD58NNYBQYt8PBDaaUluXcGU	2026-02-18 18:41:04.363211+00:00	\N	2026-02-11 18:41:04.365083+00:00
2a250604-6961-4fb8-9222-6a5bd17130aa	83f8ae69-6f7e-4eab-ac9f-fb2e4bc3ed29	e3ade1dbc2ecb79f44327b5b22be26157ea7e2e0ecae07c31d0c22808bf6d4ff	BgeizUY_aVWA7qnTh_LJuyVINbQxnARXrXNI8UqBQKs	2026-02-18 18:41:35.345335+00:00	\N	2026-02-11 18:41:35.348121+00:00
e7de6f0e-e5f8-4e57-8b7f-44b908e6ed48	83f8ae69-6f7e-4eab-ac9f-fb2e4bc3ed29	e2070dfebe99d7433307568bf7afcce92c45e4c957224adb701c45bfd0207bb0	G_hCxpbdsyY0ZSFHX_68lMTUmljXmyaC-7KRA3w3xOw	2026-02-18 18:42:07.639744+00:00	\N	2026-02-11 18:42:07.640204+00:00
acff5ac8-9670-4c70-b78c-19fb66ac814a	83f8ae69-6f7e-4eab-ac9f-fb2e4bc3ed29	645b43ac3832e9ce6c3db6aaa2cf29ec112ae7f42eb35b63e483dc5563a20320	9qZsk7oBk3I1tgyrZDIh1j6OhN15-4TcQXFk1g84q6c	2026-02-18 18:42:24.853537+00:00	\N	2026-02-11 18:42:24.843722+00:00
4f72fb35-a65e-4095-8d5d-68e25fd2a0fa	83f8ae69-6f7e-4eab-ac9f-fb2e4bc3ed29	ea391abc8b0018899612ac783b5dd71e4e63e3b43c8b1a203ef93a3f7c5895a7	XJ1PdCA5rgl7T3yCJ2UcCCTY_SRf0cmRrvmabFM37Sw	2026-02-18 18:42:42.952199+00:00	\N	2026-02-11 18:42:42.942830+00:00
2530175a-72b8-4d7c-8206-688a48602db8	83f8ae69-6f7e-4eab-ac9f-fb2e4bc3ed29	39da2a1a66906a68544f1d9851bff659d7cd3f068008aef95573996733c623cc	Z2Ll9GIgwbTQfJrMX9e2ezhZ9KNz06uqFbrBmW3SEeE	2026-02-18 18:42:56.306856+00:00	\N	2026-02-11 18:42:56.306462+00:00
83b48fc4-eee2-4f0f-9d2a-9df8bf2e6ec8	83f8ae69-6f7e-4eab-ac9f-fb2e4bc3ed29	4e582d2be77af229c4643a5bd0ce321b2fcd63fe06f335d0dc566409a0f87d36	FwgAw2YfLwNr5we3UWvcg8oGdeMO_LrVuLf5-4OAUFM	2026-02-18 18:43:12.053011+00:00	\N	2026-02-11 18:43:12.053963+00:00
170a8856-acfe-4e92-b7a3-e1f02c6edc11	83f8ae69-6f7e-4eab-ac9f-fb2e4bc3ed29	6bc185bac91acbaf2ec6fd1151f623cf4c50c00ffe4910994e7d7f32db5f969f	I1XVgxkkyKIV_OYNFNuco3TnyOFKG9fwwtDGqmIiIo8	2026-02-18 18:43:24.269178+00:00	\N	2026-02-11 18:43:24.260902+00:00
f5de7292-3b61-43c2-b7dd-5362afa10972	83f8ae69-6f7e-4eab-ac9f-fb2e4bc3ed29	8e5842d7c546455f69157362539afe8de497cfd316fb7ec646106df49733ccea	Rya7jwFxrxP7l2bFx1kp2a_fxpMHGdBLtUQ7Boe2AzM	2026-02-18 18:43:35.793692+00:00	\N	2026-02-11 18:43:35.791901+00:00
9b000492-e062-4cf1-ab30-f238be109dbb	83f8ae69-6f7e-4eab-ac9f-fb2e4bc3ed29	3755e7c4eaeff9c13735aa6643010002770a588db180b3526a8c7a9a32638674	p-RHnyJc9LUEYHVHwNTk4txvLOenseW_xafiRpnX3iU	2026-02-18 18:43:50.004943+00:00	\N	2026-02-11 18:43:50.004423+00:00
4f2b3926-0d5a-4068-8c48-af35e4ea7769	83f8ae69-6f7e-4eab-ac9f-fb2e4bc3ed29	c481086af44194d4bbf6de9ceeb49363a52c32e45369bdd514a036da2775642b	mbMehMnuYMgYo06fsDPoREX0YvYQH2Q5dQodOqnNYrk	2026-02-18 18:45:25.242869+00:00	\N	2026-02-11 18:45:25.242447+00:00
c31b7f0e-bb7b-4025-9b01-a15a0428e2e4	83f8ae69-6f7e-4eab-ac9f-fb2e4bc3ed29	61ee4e4751e06615ddca71ea4a6664caead37e14fb9257f84eca089ed03c083b	lz13XDtOCdqWFNnufzcOYgoOPsilBptxAVdcrimoQis	2026-02-18 18:50:48.650753+00:00	\N	2026-02-11 18:50:48.642424+00:00
5f2cb9c4-9ca1-4176-a50e-81086ecc78e1	83f8ae69-6f7e-4eab-ac9f-fb2e4bc3ed29	9482e00394eaf76662eadfd2c53bfb6b87db5434a80e278085ea05b8363169c7	Ob8tEDyxAdjrcHeY40kvp5cqAAEVvNxRDeFnhp_0Nvc	2026-02-18 19:04:19.171363+00:00	\N	2026-02-11 19:04:19.171332+00:00
e3df560a-5ce3-4fa2-bb5c-942219a82be9	83f8ae69-6f7e-4eab-ac9f-fb2e4bc3ed29	9be872d7ce726c02a03bad3f89ab9bff2e0f15cf401addf7bd445ad47177dc46	RA6P9fNTwIumPgODjf_m3I1bMMdEtDl6EUjMulD4jWE	2026-02-18 18:44:14.005803+00:00	\N	2026-02-11 18:44:14.005861+00:00
c6ff915e-c6fa-4c92-b7c1-4c0d333ab051	83f8ae69-6f7e-4eab-ac9f-fb2e4bc3ed29	57dd10e27df3b59b41b0df2e8a09472609c91d01cdf21e6bc0fe8c64e44e8a2b	2N7r4B-oVJxkCSfyeVPa04KmZujBqH7bOAMEU2rvLiI	2026-02-18 18:44:35.849908+00:00	\N	2026-02-11 18:44:35.850345+00:00
cdaf3d3d-b853-4226-8fc3-1c477872f48f	83f8ae69-6f7e-4eab-ac9f-fb2e4bc3ed29	a1051383a206bd8b00acc6114a17f01825f0e58cb4f9d85d7894936b20daf825	d1YuYuCaHy3HtfuyYM0EPeKYy7pMWl8MPNTalKALZC4	2026-02-18 18:50:27.971212+00:00	\N	2026-02-11 18:50:27.972280+00:00
fd5d551f-6ab6-4240-ac7a-856e761a076a	83f8ae69-6f7e-4eab-ac9f-fb2e4bc3ed29	c6372a84e03dade61ad284b2e194b6fc394b0b18681fd66aaa3e3ffcd1b37dbd	ixAao9EeTsWZJN1DtjADIAjvledI7eWk2ZpzdK04y1g	2026-02-18 18:50:45.273655+00:00	\N	2026-02-11 18:50:45.274813+00:00
f972c7ca-8bca-4dd9-9a4c-9111b28248af	83f8ae69-6f7e-4eab-ac9f-fb2e4bc3ed29	78387255ac90e57d20fdb172b832bc3aae9603f2c144867cbedeaa2fb7d979ef	lGV38TjwwnkcIfIsfk03yhwZWGxupddwlQr2QoRljxE	2026-02-18 19:03:47.578667+00:00	\N	2026-02-11 19:03:47.580623+00:00
bf1fb2d2-9867-40f4-a87d-aeace8e40c65	83f8ae69-6f7e-4eab-ac9f-fb2e4bc3ed29	66a6efe04df1c112a1e79e2fd8a73e7d1595f4ba6a69bbc3af5dd167c85ed934	erpppxSs5k4BVxm8-IfkWtkUKZsKPqzEy_PjiICeP5U	2026-02-18 18:44:24.360298+00:00	\N	2026-02-11 18:44:24.359940+00:00
579ca127-b467-46ef-a833-3a558b4e3b88	83f8ae69-6f7e-4eab-ac9f-fb2e4bc3ed29	bcf137505b702c2acbfd54df8a00ce24d9d8730f312e275a1eadac77ef22ade0	iIYJg0vvVzOLK8ycKHdhzwUPIVzVH9kMlKcuRO6NNtY	2026-02-18 18:45:03.816906+00:00	\N	2026-02-11 18:45:03.816989+00:00
7570f8ff-362c-427e-8af8-4a6ab5c7f49a	83f8ae69-6f7e-4eab-ac9f-fb2e4bc3ed29	fabc1ac96ced582fafb68ae99e9d690c14a05d1f99554df2ca93b7aec87d5086	Xx429FPhUuZFb0EdMBSqAaI9ZQsGq6rRe41T_E7vbzQ	2026-02-18 18:50:47.019676+00:00	\N	2026-02-11 18:50:47.019910+00:00
b967c94c-a685-4fb7-a593-6ea4c4500be7	83f8ae69-6f7e-4eab-ac9f-fb2e4bc3ed29	1cdb699b5ee539e4121fa98bbccf774f7645e15ee0cde95eb06ad429cb2cbb97	nTD-XhNfF6spNUXy-7cIOXLGbEKl7aU-3Sqlzc3Ov3Y	2026-02-18 18:44:50.118780+00:00	\N	2026-02-11 18:44:50.118639+00:00
57a721b6-dac7-4d2d-9ad6-4aa0f12494db	83f8ae69-6f7e-4eab-ac9f-fb2e4bc3ed29	f2d5926e8bb2290d9847aa9e166b613bb37e41fe70ff408967dff4d9f8ce15c8	NEo31Hxv9FJC1_17ruYw-EmXHl3GewqjWEbV_SMjyC4	2026-02-18 18:50:40.695396+00:00	\N	2026-02-11 18:50:40.696256+00:00
5225d7b3-c348-49e8-a72b-12471aaad644	83f8ae69-6f7e-4eab-ac9f-fb2e4bc3ed29	b1917abe664e6920023a6c122063e01fb4cd0774d32cbc8a71d437ad994e6b8c	NtcJZ15slMjc0pnHsCblCv7sHmHI-eY1Z0-dzTN_g98	2026-02-18 18:50:55.417499+00:00	\N	2026-02-11 18:50:55.409228+00:00
cf981ded-4637-436a-ab25-0ee6c510c1fa	83f8ae69-6f7e-4eab-ac9f-fb2e4bc3ed29	6989e3ce3efb9a2cb5cc6438dbf8bcb084642d8462dd6395488ffac5f700e8ed	JsEVNajhbmiDzwsD7iqm9zOe8FppVXBMJSgaOwVHyho	2026-02-18 19:04:37.327748+00:00	\N	2026-02-11 19:04:37.327831+00:00
8efc700f-beb7-4973-87ee-2b179e4c3d10	83f8ae69-6f7e-4eab-ac9f-fb2e4bc3ed29	29f4b7f60a322ef613a5e32d13e5bdabef7c6da22f9707127161d99399ff8975	McqKHGhBhQ1NvmEz7MESAPUNXlHZDQQMLFqtM4Sz9GA	2026-02-18 18:50:54.403437+00:00	\N	2026-02-11 18:50:54.395391+00:00
cd975223-dc39-4a8a-a65f-21ce0e5ecf5e	83f8ae69-6f7e-4eab-ac9f-fb2e4bc3ed29	0269cac41e7213de82be54de35d857728182b66c84c71569f51935c82d3e2468	W3Z7IZt-xLtfRXS67UGEdyybGLFq0U2xYWtsIYMYOb4	2026-02-18 19:46:41.246533+00:00	\N	2026-02-11 19:46:41.216197+00:00
14efe4c8-cd58-4808-aace-ba7468b02256	83f8ae69-6f7e-4eab-ac9f-fb2e4bc3ed29	d4a3e955f8ee22a1f9c9310ef79cd50f7163f0e46195eb5dc3611cacacceed2c	jrFp34v-t-6bUnJ47lZ_KFcHNjwgxVTsGwImKt0p9r0	2026-02-17 18:24:08.953653+00:00	2026-02-11 17:46:41.249474+00:00	2026-02-10 18:24:08.953612+00:00
e1b641ff-9526-49b6-af71-f5cb1af9716c	eae97375-013d-4a09-9a30-137142e8132e	182f2be7f221167b998f7532cf5af6ad861dc4a48873c642652d7697c6360fd0	PbRjxiH37Uf6rciIU-QTnwlB6im5dfntAgoLth21IPg	2026-02-18 19:51:23.018279+00:00	2026-02-11 17:55:19.114307+00:00	2026-02-11 19:51:22.814119+00:00
06ebf0d5-b41a-43e4-9fad-31c57e87da9f	83f8ae69-6f7e-4eab-ac9f-fb2e4bc3ed29	dd2ca8afdd09f05dd9bb53e3fb50c9ba8a29e22bd07b484f4aaea1c9e23fae14	o3Bslck093QJIJxjVbqKv12_vlOtNeP7WVD6OLNSY00	2026-02-18 19:47:00.458011+00:00	\N	2026-02-11 19:47:00.448499+00:00
b6566020-18e8-4d61-80ea-5560aee5b23e	83f8ae69-6f7e-4eab-ac9f-fb2e4bc3ed29	a8a96a344eba0a5d5530d77a5e4870e7d0f4e86c424c322d5d30dd38efdd2ef3	StwFOWphk5Y-xAR2lTKCdv5rWHJUh4U_aTVRZj_8DgY	2026-02-18 19:46:41.249896+00:00	2026-02-11 17:47:00.464212+00:00	2026-02-11 19:46:41.215984+00:00
3e7b1993-41f5-4838-a9c3-ec64bf68411f	83f8ae69-6f7e-4eab-ac9f-fb2e4bc3ed29	3ab746f8c67693d88b2c888f207bdfd84db9065262778cb7f84d7d3b5956a200	zQC6IEs9gEFIHOyYljLqhehex8O-ZwVG5HwuC6JBSDs	2026-02-18 19:55:26.437142+00:00	\N	2026-02-11 19:55:26.437218+00:00
9e5c7ee9-4f38-4e84-af41-c3ef0edb21b1	83f8ae69-6f7e-4eab-ac9f-fb2e4bc3ed29	ecd7be0e5d3b4bd89da7802b8f168bba71fed96b5b32e707d8e876ea23536018	w0SvzF7l770b4v8FsTuLke7MtyvelRP20DrGlguKw3Y	2026-02-18 19:48:32.624773+00:00	\N	2026-02-11 19:48:32.617663+00:00
30d80eff-189d-4341-aef3-8469b5e8d845	83f8ae69-6f7e-4eab-ac9f-fb2e4bc3ed29	5f0db11d9e5fdfca21aad67a62c89fb59f68c315583c3dbee474dc7acf081141	NTGZ86NfrFUhz1DwuUOKouE-JyDKgerciKPcebwQKM0	2026-02-18 19:47:00.464511+00:00	2026-02-11 17:48:32.622030+00:00	2026-02-11 19:47:00.456874+00:00
15558909-0b20-4395-9c9e-851dd3505f7b	83f8ae69-6f7e-4eab-ac9f-fb2e4bc3ed29	efca2e3af4e923f0f0403ea54d9bdce19e1ddf845d571435bf516928d498fa77	aJlzCoutenq-gX4GrtvgoiIPkjF8m3sZv-nuXl5bMAM	2026-02-18 19:55:37.743556+00:00	\N	2026-02-11 19:55:37.743904+00:00
94297531-af23-41ef-8edb-ea4dcd107420	83f8ae69-6f7e-4eab-ac9f-fb2e4bc3ed29	b37ce0efa6689bf19165dc4008c52a31da011db0bdb9ef4e4c31d971c898bd92	i-XdhBIbqnArcl_CsKlGxpAGJRqOwwy6Nss-7YROwIU	2026-02-18 19:48:52.163120+00:00	\N	2026-02-11 19:48:52.154858+00:00
151b5ba4-68f9-492a-9ade-780e3e233a9b	83f8ae69-6f7e-4eab-ac9f-fb2e4bc3ed29	1aeabd7fd09653f6d2f749784f0a61c70ab0033644c1f27c3c5c01da7e1d794a	nmWxCtdgSQ_ZUNmjV3X905DrzM8jY_LtLMVefb_PuZ4	2026-02-18 19:48:32.623079+00:00	2026-02-11 17:48:52.170146+00:00	2026-02-11 19:48:32.616916+00:00
c901eb84-d744-4d6c-8631-3f6a4243521e	83f8ae69-6f7e-4eab-ac9f-fb2e4bc3ed29	2d339e9cc47180785027c3d0703df56eecdad48a635d27cbdd669339136f34da	LZ3xdD4YIrcdxfAVnLCUF0Yuo5Ru-ya8P7kF6afCPcc	2026-02-18 19:55:50.889837+00:00	\N	2026-02-11 19:55:50.890250+00:00
9de5e97e-d138-4dd0-b432-ed63ce629969	83f8ae69-6f7e-4eab-ac9f-fb2e4bc3ed29	3379b595477b58e7ad09029a1ae0467ca3392386e5a64f7a999f5c598563ec62	0vxp6AeXM2vlfMHJlKNrkxLx5iR1rD4tiyZ8JyYJWAc	2026-02-18 19:48:54.117899+00:00	\N	2026-02-11 19:48:54.106170+00:00
5f892c80-8dc3-4a3a-bda5-4097176ed777	83f8ae69-6f7e-4eab-ac9f-fb2e4bc3ed29	dff1dffce5ff8b8379db87bd2904ee69b073e9c20e0ebebb722c8950a8f29e8f	LUj8g3mPUY2x27mciSnBh4CWWyEHJcUCPEstmTN2PYk	2026-02-18 19:48:52.170399+00:00	2026-02-11 17:48:54.121373+00:00	2026-02-11 19:48:52.165365+00:00
e6b92fe6-07d0-4e64-84e6-2190622323c5	83f8ae69-6f7e-4eab-ac9f-fb2e4bc3ed29	ca70909e8f13799fb05c8466f1db454a785bb3f642ccc04bfaf891a935c8c42c	woYfw2XH57l0hGK7Xk3DaX-2sA550GwiOdrqVfD4PRE	2026-02-18 19:56:04.561813+00:00	\N	2026-02-11 19:56:04.562545+00:00
00153821-2773-4b11-91c8-1da939ca54cd	83f8ae69-6f7e-4eab-ac9f-fb2e4bc3ed29	6b31928dcff93d0c57f0dd9ec456f11a5bd613e42405936916d8c235d40e691b	HMTBUDZfnvQkvYaADLnXYxmjSoPJcg0o2dNL0XzCTv8	2026-02-18 19:49:44.619037+00:00	\N	2026-02-11 19:49:44.606806+00:00
96762e87-eac6-4730-bf34-45016484875f	83f8ae69-6f7e-4eab-ac9f-fb2e4bc3ed29	dd59b0d86f3a7817a291e6ff666cc1703d55b6aa0700a65fc46f46372614aa0e	ETKSTzCpDR7EHauVZmgmm6b5Bp3vxr9OLEJyYv5n1k4	2026-02-18 19:48:54.121695+00:00	2026-02-11 17:49:44.621625+00:00	2026-02-11 19:48:54.109602+00:00
c59f15bb-920f-44ae-b441-8edf78c6a59f	83f8ae69-6f7e-4eab-ac9f-fb2e4bc3ed29	fb4a8721e2497ff997022171d54494d4e11dc6aac9389e444218a6320e8594b2	vYJPUsWk3e7EaDnya1-CQ-zPH_lns8CSYwsXaW52k1w	2026-02-18 19:56:18.116560+00:00	\N	2026-02-11 19:56:18.117318+00:00
dd7eeb5b-9ba6-4868-bf90-7056f20a4f4f	83f8ae69-6f7e-4eab-ac9f-fb2e4bc3ed29	92f650e0a6b6b9a8a2c80d0f873b0f772cecea84ab9ef0540c10e1b007424eca	XAFlTvZV2khTlquFnhR_x_4kSYKBQqUJjD8u8Uyx_NU	2026-02-18 19:49:44.635071+00:00	\N	2026-02-11 19:49:44.632238+00:00
871b4959-b593-4904-bc10-caf89f5c750a	83f8ae69-6f7e-4eab-ac9f-fb2e4bc3ed29	f6a8f9520dbbf04e33bfd0596324dcaa7453b63a12c6237b8df0ae72b3c749cc	amB9b_zRJZgJm7Xg6IfwLa_x6An-nSf5UTJYto2cZPg	2026-02-18 19:49:44.622386+00:00	2026-02-11 17:49:44.635364+00:00	2026-02-11 19:49:44.612090+00:00
6cd1750b-c68b-461a-8985-3e74e2e83901	83f8ae69-6f7e-4eab-ac9f-fb2e4bc3ed29	dd3fdc41e2c0d7f94b72727ead24104e1eb27cb6b90dffb5ff22e315bc25e13f	Jau0h3_Ti_d2OW1tFMlhnb1UNBNnGhr-SoDuhJRSQmk	2026-02-18 19:49:44.635436+00:00	2026-02-11 17:49:47.486780+00:00	2026-02-11 19:49:44.631863+00:00
60acafc4-1dbb-450b-b400-c093bd8fe855	83f8ae69-6f7e-4eab-ac9f-fb2e4bc3ed29	360538fe8a7ce2dff15f775cd3f093d4fc9a5eb5bb525f10a0fa1833f8e19e45	Fh00-FW-4gzsKUjZ2vz6U1oGxmwl8bF7bbsYvyFDeXQ	2026-02-18 19:53:23.137521+00:00	\N	2026-02-11 19:53:23.138301+00:00
a037a191-2ccd-4c6f-bdd5-2aa23764359a	83f8ae69-6f7e-4eab-ac9f-fb2e4bc3ed29	fa84dcf1c2a64783f21bfdbb201f3a9893ef71debbc662ce79b2dc9b20a758c7	P8KOtm_zHC4mWi5Ka2VuqgvTOioZz1S6l2r5SkY8noA	2026-02-18 19:53:51.633143+00:00	\N	2026-02-11 19:53:51.636646+00:00
4ebb4b59-19bb-41a4-9b21-4f48d8acce5b	83f8ae69-6f7e-4eab-ac9f-fb2e4bc3ed29	8cd10e11f07bca08745d67780c4a86c25af4657d67a878ae01ee64333d2d48bd	CQEumWCX5WWeGwVFMOmIUD56F7rln2eycFhgdAEQc20	2026-02-18 19:53:56.269154+00:00	\N	2026-02-11 19:53:56.270302+00:00
cc17f4be-08b7-40bd-8358-9623a2eddec2	83f8ae69-6f7e-4eab-ac9f-fb2e4bc3ed29	15872bf57b93823df01747c100394e02e0312ac806e4c631563ae0d2954a7f95	lXzg_VPNTGL9Qd1smGDo05nhF1n4zp1FI2XW4cy6woA	2026-02-18 19:54:07.473732+00:00	\N	2026-02-11 19:54:07.481847+00:00
2c6e7291-d9fc-4ab0-a394-48fbb4e74304	83f8ae69-6f7e-4eab-ac9f-fb2e4bc3ed29	3187a14589027ccb508df26cdeec8a9321c259f7eaaf63dcd72a6c7a07a01a0d	IC3Qpg_074Ad7-ImgeE_Wt0TDwzw2NDwBNnLfA4Kfv0	2026-02-18 19:54:15.789420+00:00	\N	2026-02-11 19:54:15.790717+00:00
09d12125-fe3e-4633-bd16-eec749a5eb50	83f8ae69-6f7e-4eab-ac9f-fb2e4bc3ed29	96ed1d187844458f98ab1ae1e2da3219c54f68abbd073dfb8361051122492a29	KJuXflT_6VLcQvfm77XDNkL7vCbPMgwZHYrKwOoM7ZA	2026-02-18 19:54:20.891547+00:00	\N	2026-02-11 19:54:20.891381+00:00
a00eb369-3e69-42fc-868d-b52b4c716ebf	83f8ae69-6f7e-4eab-ac9f-fb2e4bc3ed29	d172dc5096e2e6653099dc9245e2cb7751ed5af167d20624d4cbb7d4f54a9a01	JZcfxETQ5WmjLO_oc-SApIFZwIuDO1dBpRUJcbPLmRw	2026-02-18 19:54:34.780395+00:00	\N	2026-02-11 19:54:34.780231+00:00
647ed2e4-700f-4664-b1e3-3ec87f5e6682	83f8ae69-6f7e-4eab-ac9f-fb2e4bc3ed29	45926f8027905052c78c9ca1804b3272027bddc18676d05031f6d7ddc36f08b6	2oaPrL0Q_A89_-AmMJWoQigDRrsb8O6PHh9r1M5uTwE	2026-02-18 19:54:48.200378+00:00	\N	2026-02-11 19:54:48.287935+00:00
e8fa6b70-70b4-4f03-adc8-9ff4ef969760	83f8ae69-6f7e-4eab-ac9f-fb2e4bc3ed29	101907f1b74f16c1ae6e3e4bf7c777a3173c3e4a7707c74086ac8866a426ede2	M51H_OXUgYF1j_LPSr-EZ6eXm7AhjvG-ttLMp7SfAZk	2026-02-18 19:55:05.070828+00:00	\N	2026-02-11 19:55:05.072024+00:00
1ed7c534-27f3-47a0-b125-961f47f2b2c9	83f8ae69-6f7e-4eab-ac9f-fb2e4bc3ed29	8a9a8f4d38463ebca14bf7eab16011e5715d468205e6fbfa115068fe296ea27a	k8fvK_zvNgAbV9Q7VrLKrWSTQatnbEEP_v3SGMkM1mk	2026-02-18 19:56:40.926396+00:00	\N	2026-02-11 19:56:40.926871+00:00
9b549de9-edda-4b0e-8ce3-d060aca6c959	83f8ae69-6f7e-4eab-ac9f-fb2e4bc3ed29	0ed9b9b0dcfaf5103459cc37d8c59a61929aef01a130811048f14ac414425fc0	jkEd6Xe7uyOpN2M420P032xEyS5gZYI6t4IQRR1lyz8	2026-02-18 19:56:56.533599+00:00	\N	2026-02-11 19:56:56.534015+00:00
122b417a-4e93-42c7-8bbc-72693e5d28c6	83f8ae69-6f7e-4eab-ac9f-fb2e4bc3ed29	47f867513100116afc094e52323aa66ddd02135e115f8b5180e8e60271e125d6	W1HFgxVvi8FJPfu_scBo0LxGfqhO3X-YHZIVfuu8ems	2026-02-18 20:19:47.105874+00:00	\N	2026-02-11 20:19:47.107090+00:00
851d8ed8-e313-4767-ae06-0b2ba7741012	83f8ae69-6f7e-4eab-ac9f-fb2e4bc3ed29	96a1a73042760c2a3ba3d78083c4f9ef3aca8b135cf49d3fee6e1a8037b660bb	ea2muSdC5p7_CW7dy9hsROUJJiw6iQATRMZy0uPHlFU	2026-02-18 20:21:25.286301+00:00	\N	2026-02-11 20:21:25.286549+00:00
e4b0e6c7-7493-4082-9ff6-2f48b6a10682	83f8ae69-6f7e-4eab-ac9f-fb2e4bc3ed29	f7ebd489f5814061d22cf605d9c46b114d795242ea1d322c3148d1c8a1cfd593	Kym-CxZNZnObWPSF7EKaX3ByytiJdF7mShxcH6alfd0	2026-02-18 20:21:38.203836+00:00	\N	2026-02-11 20:21:38.204250+00:00
732cba06-3fcb-4f91-82d1-2f0941a88a0b	83f8ae69-6f7e-4eab-ac9f-fb2e4bc3ed29	ce98bf06e1f2056db77636900cf02fe02a074855f9da3ecf8f47500ea276baf3	SEVAoiEpmGjzB_sssMtMyJrzaPEbsWa-yyy7MvlLS-I	2026-02-18 20:21:50.985526+00:00	\N	2026-02-11 20:21:50.985179+00:00
d2458fa3-e71f-439e-b39a-fc4ee1c2c5ca	83f8ae69-6f7e-4eab-ac9f-fb2e4bc3ed29	41d723c4cca133e5d3e757d6cbbfb4af9a53a5d47252bc4d80f0b13e7c38ba2f	Ahw0DIFe29fpRCF-f1obwDa44GPAHQE6HfujJex8uYU	2026-02-18 20:22:22.231787+00:00	\N	2026-02-11 20:22:22.231502+00:00
4e0e167d-c6b2-429a-a367-b47fa40898e6	83f8ae69-6f7e-4eab-ac9f-fb2e4bc3ed29	05bd949bf04a25f78a66cf3c3ad06a6abc89ba271613871e07ed26145c86b410	6HI_iG_IPvA0gYL7ZGM8FE0qCq8y5SMKudrlSsyLxLA	2026-02-18 20:22:54.365026+00:00	\N	2026-02-11 20:22:54.364676+00:00
a0449cf9-3f1b-4596-a2e0-8ce65da89ff1	83f8ae69-6f7e-4eab-ac9f-fb2e4bc3ed29	05f0a4ab63695e28dba2752e7906c09b8be0ace6bab62adb9655306875f8a9c6	EBPTzqBJPs0bUz932ZEPn63EEL2RlgTCOMVvRXg9XjQ	2026-02-18 20:23:11.429680+00:00	\N	2026-02-11 20:23:11.429787+00:00
0b0df7ba-1f30-42f4-a96f-913685c850b1	83f8ae69-6f7e-4eab-ac9f-fb2e4bc3ed29	362b9803e65b08a7fc802c4dd7cebd2902166268c6d677709e01e56014f5f445	9vGrQO6VviGBplyqOYIlJnEbNzAoQ2guQoUfDG8-gn8	2026-02-18 20:25:40.034307+00:00	\N	2026-02-11 20:25:40.034765+00:00
c6fb4f4d-8d12-4ab0-a68b-b3cfe74c3cc4	83f8ae69-6f7e-4eab-ac9f-fb2e4bc3ed29	bafcbec77e584e1cfea8ffb61abab20bd329b80df490e876ec488efc67bf05e1	BmeVnDrWqeIJflNq0nElrJJ5fxpz_bE_fmR5O8Iivn8	2026-02-18 20:25:47.455521+00:00	\N	2026-02-11 20:25:47.455797+00:00
77723e8e-9c01-4f31-acff-471a88527d7f	83f8ae69-6f7e-4eab-ac9f-fb2e4bc3ed29	a3cf6d0acc8f1ff20cf3c15385c6ce92bdcbd759672823c73c69dca1124407e9	NcfJaCdmGZLdBMvDkH5Efa4QvJ-mkwv8bpCIw3hqzrQ	2026-02-18 20:26:00.848345+00:00	\N	2026-02-11 20:26:00.848068+00:00
1205c4c4-10ad-4fb4-b0a6-49c7d232614e	83f8ae69-6f7e-4eab-ac9f-fb2e4bc3ed29	5fb74986c94ba9b522fc7a07aba192607eea72a103cdeffdfd6cb08671cd6d6a	_Azho0XfzLM7eZFgFMDzf0xCwQz0Lh_l3jSkAyO5Nwg	2026-02-18 20:26:14.742789+00:00	\N	2026-02-11 20:26:14.742745+00:00
41726eff-0c84-48b8-9169-024968c56a55	83f8ae69-6f7e-4eab-ac9f-fb2e4bc3ed29	e35c57e23ac222c8dde0d2c66afaf868a44a023dd065ce608e543c0866a5c2d5	VnbkJqSWioAco27tQzrvHhQGZlEMixTLHYql4PGCDy4	2026-02-18 20:27:40.048038+00:00	\N	2026-02-11 20:27:40.047973+00:00
1089bdfa-c5f9-4d20-b691-19519cbbd422	83f8ae69-6f7e-4eab-ac9f-fb2e4bc3ed29	7dc5223ac36ccd40f88f144e8607b7893a50df88064e27917a6e8bdecef6e2e0	8f4c79uyQ_fAX7hp8WU7JewoD-8GlNZNOGT_qi_N2PU	2026-02-18 20:26:28.711947+00:00	\N	2026-02-11 20:26:28.711899+00:00
2e170c5e-e618-4bd9-8411-ad15e0e5abb2	83f8ae69-6f7e-4eab-ac9f-fb2e4bc3ed29	d4b8ca953a7f7e53c83c5eb5384b3c6c237549fb35c094348d32509448b33bf3	33Cu7ya8jiOmX3TDmmXGUTnm_n8vn5ZWzwYllDIQDbM	2026-02-18 20:26:42.694288+00:00	\N	2026-02-11 20:26:42.694670+00:00
9cb93201-2c45-4a57-af85-eb70674922a3	83f8ae69-6f7e-4eab-ac9f-fb2e4bc3ed29	159e3978985f9b5a5fc3544c9c3eaf315cbaf1272301199220784dbaa5aa5de0	tJB58pLwVCmYZ2tLEkFGimg_foqp0HPLvk538WKwrlU	2026-02-18 20:26:53.663421+00:00	\N	2026-02-11 20:26:53.663373+00:00
1267c6dc-c50b-4b0e-8e96-fb6106fccfac	83f8ae69-6f7e-4eab-ac9f-fb2e4bc3ed29	f4b6c084f0bdbd18c0cde6c80688929f088a8c142497d9dfda8e4910132bb4b1	FEYz9xrSSwlY_X5qA2whVljHuLpQh20CnrTKKvDK4L0	2026-02-18 20:27:07.145122+00:00	\N	2026-02-11 20:27:07.145708+00:00
0e001414-6c62-472d-b280-b9a22924f402	83f8ae69-6f7e-4eab-ac9f-fb2e4bc3ed29	a13dd73b246dc85df2c22b4b2605566545d2a1a8b1b51ec320cdca97abc4cdec	HSxJCKnm0T1GDXojEzsOoqWO-R4MWCfi9Ziqfb9LUp8	2026-02-18 20:27:28.673670+00:00	\N	2026-02-11 20:27:28.673340+00:00
93d8e9b5-f7a0-4c25-a5ac-a36f33919349	83f8ae69-6f7e-4eab-ac9f-fb2e4bc3ed29	eb7d209239edb36b9aa23d140938b01427a7e7454ee409001a8890117a849071	hYcXdO8FaH4RsHaKK3JpDVKfdhJIzVlLjqlu6nzO0eA	2026-02-18 20:27:51.888940+00:00	\N	2026-02-11 20:27:51.888562+00:00
a990417c-6101-4cb3-85c1-3d75ae39c6ce	83f8ae69-6f7e-4eab-ac9f-fb2e4bc3ed29	3ac1b73357109c898ed9026586cd8dbbf8cf2c93fafd9ea57484e12806957910	v6K-QBmh5hlPl5YuNgRtJLqfs8RtTzCLNJSk6EUg_58	2026-02-18 20:28:09.385512+00:00	\N	2026-02-11 20:28:09.385519+00:00
b15aeba2-414e-4eb0-a047-61e2e4fca4eb	83f8ae69-6f7e-4eab-ac9f-fb2e4bc3ed29	42dd8101901b6ced1e37e80f112e2d7708de91c80644b391db0deefd7c77e870	j8P1os6HHQbp4WhLZRZ64RKPlOQAJ2iji6kEOdGRgwI	2026-02-18 20:28:23.568042+00:00	\N	2026-02-11 20:28:23.567919+00:00
56869764-3b5c-4523-a14f-ec129f0d89ee	83f8ae69-6f7e-4eab-ac9f-fb2e4bc3ed29	c11b5d5c4acbb32272c0ba5b48b9f2bd6e97ab682d9caa22e766a8b2f4a86125	pl0Li3b0eXj5OAROZePqla7DNS4DbeJ-6CYA425vvk4	2026-02-18 20:28:38.044515+00:00	\N	2026-02-11 20:28:38.044887+00:00
db30c2ed-1376-40c1-a7ff-ee0e318992eb	83f8ae69-6f7e-4eab-ac9f-fb2e4bc3ed29	e2f32c32aec566cbfe63d1ce93e5e6f98f64dcb23afa0c7f90bc0e3346aae8b1	YLOg4YzzSzv8ru9GtSscZSgF6N-HG_8indaGHgt-CXY	2026-02-18 20:28:52.243719+00:00	\N	2026-02-11 20:28:52.243854+00:00
68e26e94-0594-4389-a42d-533fb94898ce	83f8ae69-6f7e-4eab-ac9f-fb2e4bc3ed29	1a35f154143a98625f049fafced19d7be8898fe98e262dc13b8b002ee55a3657	7BcK88K10RSVAcIF0rI8wzkPhgaXZ-r14HkCMSzfm2s	2026-02-18 20:29:03.651902+00:00	\N	2026-02-11 20:29:03.652440+00:00
37d76406-d109-4e59-8f73-939e84a30170	83f8ae69-6f7e-4eab-ac9f-fb2e4bc3ed29	29faecee88304a00d4cc199d30b5dc0f92221f9573c2abb74b7fd4b7557d74e9	c54NqiPOanvDQocmIXgA5ESzuRPcpVUsP3N0GNH5Xxc	2026-02-18 20:29:17.327042+00:00	\N	2026-02-11 20:29:17.327779+00:00
bc816272-8a65-461d-93a8-aa26ec7cbeb2	83f8ae69-6f7e-4eab-ac9f-fb2e4bc3ed29	150526827b08b09e64eb226de854f66bff90b03e6e23db64ef0833ddbd9ef80e	Y4fGMm7h5OiK9Jfc5BynImf_EWWNSabCNMVOvIRIp3M	2026-02-18 20:29:39.496417+00:00	\N	2026-02-11 20:29:39.496522+00:00
226974b7-2752-4b0c-ad7b-2feef6c5337c	83f8ae69-6f7e-4eab-ac9f-fb2e4bc3ed29	7f4ef11b91d61d0473e25dc4ae87da693b66a7fb2a0fadfb9a8ba83d8fbbac0a	aF15iLOdHA2IqXbYujYTnT9nT-e6Y0Af53H-BBsYRDo	2026-02-18 20:29:50.927214+00:00	\N	2026-02-11 20:29:50.927272+00:00
92f8aaed-4f49-46e6-a90f-a2e12161cf2f	83f8ae69-6f7e-4eab-ac9f-fb2e4bc3ed29	803033799bb84780d29caa842151a1d605205cffc80e021c0e7692fec3b76729	pZHOMDl8xHM1RLfCOSBZPueelDwmASbMk26PuM7Zi2I	2026-02-18 20:30:02.325149+00:00	\N	2026-02-11 20:30:02.325428+00:00
a9179019-0ec5-4e22-a077-01fe72f2a030	83f8ae69-6f7e-4eab-ac9f-fb2e4bc3ed29	e830ff0a808c2190590dc519ef8722052e72a302e692266ac899799daa373e93	YWf-i09sp1S-TDjAs6ZAKbLAuoufrT6Z-e6ILwNh8TA	2026-02-18 20:30:16.429030+00:00	\N	2026-02-11 20:30:16.429603+00:00
04efd331-62db-4acd-b328-4cd74a86efce	83f8ae69-6f7e-4eab-ac9f-fb2e4bc3ed29	6487a29383fe86ab1dfe7a4ca1176c1fa6758885006f98ce9d34046dce6e5e47	tDSlCh2pRfBYZrpaP9Okh-rvSqU4LaOZydwbx3PbUi4	2026-02-18 20:30:30.474497+00:00	\N	2026-02-11 20:30:30.474165+00:00
51b7fe0d-bad6-4827-a131-2a21ce906cbc	83f8ae69-6f7e-4eab-ac9f-fb2e4bc3ed29	c2bc54a928409e283ec1e1a071a15cc486b479abb10c1950a6ef025b17754eaf	QqETAMKuUhGaKdQjUcWZv7KfjN3RimRcwdsDk-NGkFs	2026-02-18 20:30:51.696651+00:00	\N	2026-02-11 20:30:51.696115+00:00
4c7812b8-738c-4c4b-a764-c667937b79c3	83f8ae69-6f7e-4eab-ac9f-fb2e4bc3ed29	9bb616c2f8518e3d09cf711731a27e2ca2bb217346f464a250ac62ad6292b5d4	O767S15ZrxyifuOuWezti-0Mo2SIfLkRLV7QKgfVTDY	2026-02-18 20:31:06.894191+00:00	\N	2026-02-11 20:31:06.893910+00:00
554826c7-24ca-48bd-ac14-71430577bbb0	83f8ae69-6f7e-4eab-ac9f-fb2e4bc3ed29	e25084fe851d060c92854dcbaa2e661bbbdbe7ad4509db0aed64379528898b43	cEnjaxzDh82tW8qOXAwfR-gFTdQJZR7HlyUlnDn--Is	2026-02-18 20:37:44.093331+00:00	\N	2026-02-11 20:37:44.093470+00:00
f5eaf0dc-7567-4796-8675-406df1b97793	83f8ae69-6f7e-4eab-ac9f-fb2e4bc3ed29	ef41937a92784db11ce9fa72de2766c6d29bc4029ab6265cde2fdef0f80e0582	o4GCn9PZMj2ih9vr8Hd-u4yao1qYbNY6mWu_g8rFB6M	2026-02-18 20:38:16.277991+00:00	\N	2026-02-11 20:38:16.278004+00:00
b281f71f-30a9-4e90-9d16-2570c9ccd551	83f8ae69-6f7e-4eab-ac9f-fb2e4bc3ed29	d15f5431c7d7c37eac1957a9ebaa430bf72b1aaf5a993557423c57038d983254	6pJxmq1Z0T3gM-kNiggtXUnUWyeMzv0KHNCFJXlkfoY	2026-02-18 20:38:33.238443+00:00	\N	2026-02-11 20:38:33.238357+00:00
c00df83a-e028-4b77-b342-48da862e7fb7	83f8ae69-6f7e-4eab-ac9f-fb2e4bc3ed29	d1b6bbdd88f38211c3877663a47646df405c83fa0a61da1e4ce8491d63f4c6b8	_09Qh_vD1x5nKoVt4K3jW3IfRqfWP0q-5EF1bl_BW_U	2026-02-18 20:39:08.702204+00:00	\N	2026-02-11 20:39:08.701262+00:00
a304a702-4e90-460b-ba15-436d6ef5018b	3a0c3794-4e34-4c94-902c-a7c5751391aa	35d0b1d0b59576267baba24a24bc7d4144a600450c7b0c5ace87b50d0ad9fb33	ZBGVq80sI3tv8kHDA2QmRf6S5N4JzkxrtJZXApEBZek	2026-02-18 20:41:45.933890+00:00	\N	2026-02-11 20:41:45.577733+00:00
21e5aa0b-f7f8-449d-a646-aa9055085a6b	83f8ae69-6f7e-4eab-ac9f-fb2e4bc3ed29	290074d011e65407271a34b544cd16cffb7990aa33a9b427066549c98bf39ee4	uEzLtNLvDxp9ZTNDmVt99pQxs5Re3IUoWlqAavz4wA0	2026-02-18 20:42:41.190315+00:00	\N	2026-02-11 20:42:41.190005+00:00
9f439319-72b4-405c-b9a4-408d2f12de66	83f8ae69-6f7e-4eab-ac9f-fb2e4bc3ed29	ef4c7b9a3e5403393a3e9a1874cb73f4a419d0c5b2c71659c4220a8e06a6642d	O30yJ_gAAJKtcpmsXjLvsF0g_506hP37Ha2ucqQUDKo	2026-02-18 20:43:13.358889+00:00	\N	2026-02-11 20:43:13.358933+00:00
b435b131-e031-4cc9-86cd-b9cffa329dde	83f8ae69-6f7e-4eab-ac9f-fb2e4bc3ed29	dcf4ec815b686868fa2997f1a630885c2db9690b32c28966c6476e1e515fd839	zUQfgJF77Hz6E6P9qXaTAptqdjyPQs90QfDp8Ptly3s	2026-02-18 20:43:30.305168+00:00	\N	2026-02-11 20:43:30.304931+00:00
6098b4b0-3a0e-4b37-aba7-159570141875	83f8ae69-6f7e-4eab-ac9f-fb2e4bc3ed29	5b1eab08649d92070e0b904cccdcec4a23056ecebb03036633dd36c9fdea0e33	P9OWSmCfVICua63B1lMOO48rzO2L9Ub_qttXZEx1Wa0	2026-02-18 20:43:58.755985+00:00	\N	2026-02-11 20:43:58.756416+00:00
6072860d-7bcf-4e9c-b774-d32443480df0	37a2ed71-0d38-42f1-821d-9b1ddc84cc69	d7e564c187227af0bf28c11262640f00f051c79b252622e72c41c8f5e3972d8f	-j_1_S8k7ukZA3ZjJzogewJ3lhBIGnP-mVVSd08QFpg	2026-02-18 20:43:59.140179+00:00	\N	2026-02-11 20:43:58.774593+00:00
9ae20fca-d0ab-4cea-b049-4e174459b85c	83f8ae69-6f7e-4eab-ac9f-fb2e4bc3ed29	c0734a36b767d981e550fb72287d4959042fa1c7e28826f62737da426ca4bfd5	KrGfl3A5O7u2QAdRY0IrfJBzakitQh5i6_Amqp8OdfM	2026-02-18 20:44:24.068203+00:00	\N	2026-02-11 20:44:24.067901+00:00
4edcf058-dbaa-40e4-9668-d43d41270180	83f8ae69-6f7e-4eab-ac9f-fb2e4bc3ed29	72d5de430f288288a0f8ae458b171bf4971c5a40e719417a653d384921b6d624	xK72yPrQvuceplxmSJOvr8VprTOsdI0_bRqYh28QyQE	2026-02-18 20:44:56.178996+00:00	\N	2026-02-11 20:44:56.178900+00:00
18ca4513-8330-4568-b31d-2a863e191014	83f8ae69-6f7e-4eab-ac9f-fb2e4bc3ed29	6c71012ad71b4656f7b97f85e3c2eb7d923c60411cd99355b748c0bb00f1731f	B59J3b0XCRtQ_2UKnRjmwdK9ILz0rIV3YjnCK-TGCzY	2026-02-18 20:45:13.193965+00:00	\N	2026-02-11 20:45:13.194548+00:00
85bf5fe8-1847-48e3-95e0-586c0b3ebeee	83f8ae69-6f7e-4eab-ac9f-fb2e4bc3ed29	83096751f11f5ebb86a177b6b856cbd3a4132d083a2d986ff20bb2692053d4b9	Kezt9IcQlEUhwD_QGmzXv9M5HEX1wrSFdeM0f4oon98	2026-02-18 20:45:27.202606+00:00	\N	2026-02-11 20:45:27.202469+00:00
90f70b7a-ba68-4eb8-b6dd-5376cddd8d48	83f8ae69-6f7e-4eab-ac9f-fb2e4bc3ed29	39888f14a0d1843068eba6ad714c10cc3f8afb7bd0684d78c51d41c5eced4d40	jQYsfGu4p5NAoxy5kSrFn77xsyio5rxQ_4itj_51VLs	2026-02-18 20:45:59.255276+00:00	\N	2026-02-11 20:45:59.254934+00:00
67189d88-9604-4da0-9fb5-d2aac38ac81e	83f8ae69-6f7e-4eab-ac9f-fb2e4bc3ed29	2462932dd42fac14cae088e317df19cb518ec0490866630327da63d300d47c2b	ktQCCDBbvJZJjYSF8GZPW8VLiJ77qr-PbaPjhed-9U4	2026-02-18 20:46:16.478613+00:00	\N	2026-02-11 20:46:16.478404+00:00
359bcd2b-4c38-48e5-a274-22dabe5e2f74	83f8ae69-6f7e-4eab-ac9f-fb2e4bc3ed29	0d4c818d588f5017b310c4143d4ef8286591df4254e4a59fe50a8a8ceffe8c09	Z35EkK1B41qRxxeL0Gwt3PzmgYXcQU7XhQUj_T76Jkg	2026-02-18 20:46:47.423742+00:00	\N	2026-02-11 20:46:47.423431+00:00
c8294de4-e6c4-4b32-9542-7a6e67ad5c6a	83f8ae69-6f7e-4eab-ac9f-fb2e4bc3ed29	1bacb5c688a88ac323d292247c9b53af91894eb02c0cd7b3674af0b5be68e1b0	hxqFPwSVbV1q1Jj5WY8KHGUwFq9sCT4eugGxAYeB2-k	2026-02-18 20:47:04.548071+00:00	\N	2026-02-11 20:47:04.548016+00:00
ba57235b-fda3-49ce-9091-e0a5604b4ea2	83f8ae69-6f7e-4eab-ac9f-fb2e4bc3ed29	8ebb238016f353fad5ec5837a96b9668666c6432e8b87a3983def080762c1f94	7PZHoy8GR52pIjpuo0fvX20R6CmmVNYlxehndh8mKGw	2026-02-18 20:47:36.665528+00:00	\N	2026-02-11 20:47:36.665419+00:00
023a3c4b-3eed-4d6f-bcab-ebe6be9bd2e7	0ac33c65-e605-4deb-ba44-30d7d0c25693	6bd94e4208d45f0bc7ac53385bc4b4565091aa78a2d99769fb28be45e2a54d21	qqKJI4gcvLN-R1dGrDhIc591NnngcS6Vuhou2meD0vM	2026-02-18 20:47:45.518675+00:00	\N	2026-02-11 20:47:45.313387+00:00
58b05490-4d05-49fd-a95e-b5227d80261a	83f8ae69-6f7e-4eab-ac9f-fb2e4bc3ed29	6cde428ab385cc8fcdf2d9f0f06fe9aaadeab5e721d88b3e7a11de9797ea0eac	AuhnVgmBZE2aCvw2NyDwl2FlQF3_B2OsUfgfRQrcgj4	2026-02-18 20:47:57.731687+00:00	\N	2026-02-11 20:47:57.730640+00:00
736be805-105a-428c-aa84-ae854a031dd1	83f8ae69-6f7e-4eab-ac9f-fb2e4bc3ed29	beb165c7351be936215d7318199d6e1cc4de2b77c8841f47a3c4ccb07fa774d9	EBVLuh5GWF1ZJ6iexmXAmqGMF7XAKCKTdzM141N_2mI	2026-02-18 20:52:23.333841+00:00	\N	2026-02-11 20:52:23.333152+00:00
b9d7b23e-cf97-46a8-933f-b7f381b19875	83f8ae69-6f7e-4eab-ac9f-fb2e4bc3ed29	82f80e5ae95c24e4b8d2a86e5d893d99210930addbcfc14f75225394e70b8540	wb8q1dNlskQIQ7g3g7-4Nnu2MkC6zDX9-RVtoOwCsiU	2026-02-18 20:52:55.413653+00:00	\N	2026-02-11 20:52:55.413278+00:00
f1d8331b-e238-4d0d-854d-0bd6cc3f2011	602290f7-3663-4645-a389-f5cc36c7ae58	4358e44fa61b34d0f5309b4250aedbd7d9e661133df6e3be397ab0e78d0f934c	s_sH_C3rxiQd8GDpX4JuiqhIeFMK5LluZWSk1QG3NM8	2026-02-18 20:53:04.136464+00:00	\N	2026-02-11 20:53:03.928448+00:00
ee69942d-79dc-4d79-9d5d-a5cf815d5b61	83f8ae69-6f7e-4eab-ac9f-fb2e4bc3ed29	1526a4c923948652ccf4ccb680fa668a6497c1de68aabf96962628c15e8ed9e9	m5dXbRV88DNla-TMK2fEgxgqfX3hzlmq8PyYibFy4XE	2026-02-18 20:53:16.514779+00:00	\N	2026-02-11 20:53:16.515190+00:00
21920452-c16e-48fc-87b8-e28dec1d484b	83f8ae69-6f7e-4eab-ac9f-fb2e4bc3ed29	56984a5c04bfb3f54ad1e7dd5dc156f77b6abbf5c11db9f6fc2c67826dd292a6	XVu-LTln3LIu-KObBJ8sKpnfZiU4MQum3NVQ5FN8hzI	2026-02-18 20:53:30.882165+00:00	\N	2026-02-11 20:53:30.882700+00:00
ac25e291-7732-4022-bf18-781148aa93a7	83f8ae69-6f7e-4eab-ac9f-fb2e4bc3ed29	bc51c1d6220d497b168b409626909eb506188a89ce71059775bf6ab1f7f324b9	ZmTBifHesaXaG2NvwAvTq43PlwCa2xHyUyDax8c3fl4	2026-02-18 20:54:03.260472+00:00	\N	2026-02-11 20:54:03.260558+00:00
2f4b90ba-60e7-450b-a019-3f7232449eef	1cd35d53-aae1-4fde-a806-0b5e3cfe1c9d	c296ab74b444ff6a3444f66fab71faf583675fc4db1fb84ef4e159a9a7997a08	h97FKj5rijEHgmQhvERQHsaGFq1RJ-vTh4MYLfD7X7g	2026-02-18 20:54:12.049134+00:00	\N	2026-02-11 20:54:11.845023+00:00
21962540-4dfe-4e58-ab0c-b34e981ef74b	83f8ae69-6f7e-4eab-ac9f-fb2e4bc3ed29	98294a412cc27cf83a11df19cd955fc049c64444ccaf5b5826324114379b28c6	cByOo3VgrR-AZTZ-mFxr1CNVN_jI6aaF6ExNgnJKouA	2026-02-18 20:54:24.294295+00:00	\N	2026-02-11 20:54:24.294146+00:00
36f0a68d-d537-4207-9068-97591a981ae9	83f8ae69-6f7e-4eab-ac9f-fb2e4bc3ed29	e033cc5b2183eba46f1044e50c44311d4786615f47534c6c514ba76ec7034fde	XY1RZ7qEyCylHUEr-dQc_h8pNKE939i3TNDIavEDlDk	2026-02-18 20:54:59.702908+00:00	\N	2026-02-11 20:54:59.702845+00:00
ce862a1e-fa7b-418b-8e92-58b9f4fa33a6	83f8ae69-6f7e-4eab-ac9f-fb2e4bc3ed29	73d3caf879a43a87441dc005061acfe6ca0ac69b46de85aa162adf7d022ed534	4u4TIVBei_DyKJcKA5v34fPCi2vyvkl7kzxAgue8-Tw	2026-02-18 20:55:31.662567+00:00	\N	2026-02-11 20:55:31.661946+00:00
1ff7d3ca-4b2d-492c-bb84-dcc2a9841911	84947d95-e469-4576-adb4-ff6e96f0938c	de60e4eb8f00260c018939626fdc0b715391883068744ca330b953d38d31c372	O2zqdx-YqQS30qPc1KKeJ_EV7H2a7A2cwqhIyN1k_GE	2026-02-18 20:55:40.460667+00:00	\N	2026-02-11 20:55:40.256266+00:00
23d8d940-ca89-423a-b6db-51c9e2a069ac	83f8ae69-6f7e-4eab-ac9f-fb2e4bc3ed29	68fc30d25dcfcc115a25214a18d0c4513bcf837517900bc932cc8ef7546521cf	IGQKo19mudfvAwBp65AnfjfpHfFlSMazGjqvTlkoRdI	2026-02-18 20:55:52.884378+00:00	\N	2026-02-11 20:55:52.883659+00:00
6d4319dd-30a2-491c-b12f-5bfadb7990a0	83f8ae69-6f7e-4eab-ac9f-fb2e4bc3ed29	274af2bc1c9a89ee64b40b2f2c1061bb1d2bf518b90da411812c3c0c28d9ff4d	H97F_BIf0LjvvzQdzl9eh1RJl6QgvCXmkJg3FtMHt2k	2026-02-18 20:59:09.062614+00:00	\N	2026-02-11 20:59:09.062399+00:00
a704d0ab-3695-419f-ab79-e3988ab27ab9	83f8ae69-6f7e-4eab-ac9f-fb2e4bc3ed29	26098f3d601b40d1f3fc95a56143856cf3da2c5893faa64ddb3c7bb9f7c545ca	W4nmDmmYCEDOU5s8h0QKk4cUaYPu_qbGg_Nl57dpDZw	2026-02-18 20:59:41.070794+00:00	\N	2026-02-11 20:59:41.070144+00:00
75f4be5f-33e0-4757-be4a-1ec429e19252	91c62cc4-bfe7-4f14-bdbf-94b40e66798e	248b954b794b8b24b23bf50b1f644d41f70b3f269b76be201805220bc87ec5cf	6WJbJQaiih0uSyHbwG2w5u-MgZvHiLu25yEAuHmL5NM	2026-02-18 20:59:49.857249+00:00	\N	2026-02-11 20:59:49.652684+00:00
b15f0d94-9267-474b-99d0-04ecb883a6c8	83f8ae69-6f7e-4eab-ac9f-fb2e4bc3ed29	014cb1a6de8de5eaa48cfbc53d92b99c0889196116f819f851d5c49f4f0c6df4	A6ouagFlRpkF_DKFvhbEsG2xoFuV-8c6p4LhtRx7zu8	2026-02-18 21:00:02.063800+00:00	\N	2026-02-11 21:00:02.062891+00:00
415ad7fe-320e-4fb4-85e5-577c92c6c340	3a0c3794-4e34-4c94-902c-a7c5751391aa	fe12a4cedd6794cc15b1e930765536bcea63dd392c213d3f63e32ce35f480d2d	7ToW5SgrSIdglVhQFZ1IDOjV30vf2yQEfoZY4gkpE4g	2026-02-18 21:19:11.726178+00:00	\N	2026-02-11 21:19:11.726246+00:00
8853781e-d44a-4ae1-822d-ff5b85e88192	3a0c3794-4e34-4c94-902c-a7c5751391aa	a9999c914d29e5d5dec033b1816cac19af03a60d7ce64dc8df118ff317e3cf82	ul1gAQweJkmC_L2hSvBbFpfJKjg79E0aSzJU_db8PH8	2026-02-18 21:22:51.531109+00:00	\N	2026-02-11 21:22:51.531571+00:00
be3603be-15fe-44b1-a443-99de3bb7cd7b	3a0c3794-4e34-4c94-902c-a7c5751391aa	b57cd8f4549a39601d2a21c2fb25c9a3c5f5229207f55dcec6b09e1a84ba267b	iUggHMaOo4Fy7AyYLNx-7rISaF7IOA1Q2Dj4LltLKfk	2026-02-18 22:11:59.060517+00:00	\N	2026-02-11 22:11:59.061032+00:00
28ac2a1a-870e-4713-ba5b-e97b66e16423	3a0c3794-4e34-4c94-902c-a7c5751391aa	7a4a45f8928bdf0d4c15df02102445618c3525f9681f3c4958a53bfcbc659d05	3r63mIzYZkrnYpNVQCOiAdoPeWf6pkCDectJ1v81LmM	2026-02-18 22:12:01.452552+00:00	\N	2026-02-11 22:12:01.452070+00:00
fc675870-2f79-4a70-b33f-f1aedc4245bc	3a0c3794-4e34-4c94-902c-a7c5751391aa	565a507fdf8a3321edb5c571aff6530df057325c6efee39d9eefbcef89c15a19	yMNfacurkQtTsNoU-HxltkFbQEsyXVuMO3kKkDEN2uY	2026-02-18 22:12:04.072905+00:00	\N	2026-02-11 22:12:04.072500+00:00
518e0efc-9743-4751-a3c8-63f683eafe53	3a0c3794-4e34-4c94-902c-a7c5751391aa	a0f215c58b0c0fbb557b4b1c082279effb03660b45b6e6c7dd32c5c6c315ad72	Ms54aYfsZzi2h2p9eUwJ_SZaFYr1tuUMHoncZGlO1lA	2026-02-18 22:12:07.838490+00:00	\N	2026-02-11 22:12:07.838246+00:00
fb153501-431c-4879-9870-4bbe7316c772	3a0c3794-4e34-4c94-902c-a7c5751391aa	0956d0a0eba3c814a25664e9a054bcb28f20efb9ce0d271e957958cf76379a60	TBDn1nw9ftAqOst5sZU4jrS8wGGcbIRLFgPPbkD_4rE	2026-02-18 22:12:11.277657+00:00	\N	2026-02-11 22:12:11.277404+00:00
31b7594f-a162-4965-b3a9-391b2366519c	3a0c3794-4e34-4c94-902c-a7c5751391aa	0087517bdfaea3757944a3783a9a07355eddefeb83656d42f88c566082f6c9cc	AlGpQrkQlrklDQXc7ePYMBHvlVYmrvTdEXlDGdeiuTA	2026-02-18 22:12:21.598192+00:00	\N	2026-02-11 22:12:21.598491+00:00
f3fafdb0-848a-4532-8736-04cd390e7eb8	83f8ae69-6f7e-4eab-ac9f-fb2e4bc3ed29	52f8548f5e1ac4004ded95da87535378a5ff9d9e7c27582f94943ff0ce7ffbd9	6lGIYFHestEG0mCibeClcwEpYTe4PVU2UMTPeR5yvTA	2026-02-18 22:27:45.979943+00:00	\N	2026-02-11 22:27:45.980260+00:00
7597d3d1-40b7-4b05-afcc-5af2106bcdc8	83f8ae69-6f7e-4eab-ac9f-fb2e4bc3ed29	4843fb7a5aa6a07d2ff4d59796033cd8bdcc09cf2fa30863597c5ee62cce8a08	RnknKB-99WSGLCQjXmhvb7ethpSGRZ5lzfNeO_4q8rs	2026-02-18 22:28:33.287210+00:00	\N	2026-02-11 22:28:33.286969+00:00
37ca5d84-3f57-45b6-922b-374bbf9681c1	83f8ae69-6f7e-4eab-ac9f-fb2e4bc3ed29	278976f4316ef6d9d63361783894a7eed16339d978fd61b00f7077d76438a446	kv-ENun_kcVGcEDMjiVkXwCwCRtdXa9K8IsdrEWBDtc	2026-02-18 22:29:05.314060+00:00	\N	2026-02-11 22:29:05.313346+00:00
a1b73dae-15e2-4f6a-ba2a-4b5144ce914f	7e4bc83e-c738-4576-890e-5d69b9be5aec	d7ee6a7b465de702eeebd00fdcaddd4445f29e47a688d3ae64dcea89a959778e	WjM7I-p__a9ERWJXHuuHCJ9TxUiigm3andbIOJZuvS8	2026-02-18 22:29:14.075992+00:00	\N	2026-02-11 22:29:13.857424+00:00
c3f94881-686f-421f-a075-3bab67667986	83f8ae69-6f7e-4eab-ac9f-fb2e4bc3ed29	95dd36466b9e621acd562dc55ae60607ee9871ab3076aa77d44842771e059a30	yUfttkREVn0n1oOF557sLhPCnqbvHDqUdcKNOyu3AIo	2026-02-18 22:29:26.361757+00:00	\N	2026-02-11 22:29:26.356695+00:00
8b9c9859-d4e4-4d74-b9c9-b651e3e7ef30	83f8ae69-6f7e-4eab-ac9f-fb2e4bc3ed29	61c007c8bc6c48a89d7cd253d755e6c0bdb8f70d17e73985af8893b94693822b	MPaskba3poL9WXeK0nRV9OJujjafe-zsV2jb8J06wd0	2026-02-18 22:29:47.705914+00:00	\N	2026-02-11 22:29:47.692360+00:00
d2e405fc-4b36-4c00-b285-938f5f2058ea	83f8ae69-6f7e-4eab-ac9f-fb2e4bc3ed29	458ca560593a4e6a5e468ddbdf9738034249f7012eb66b8db482ef57c53bed5b	NcdMI3lHE-vySKOptImH3SbngQPvDFN5oXggUuvVu-U	2026-02-18 22:30:29.412132+00:00	\N	2026-02-11 22:30:29.411577+00:00
7b1f3b4a-9b6a-4c1b-a21d-ba7bd0120198	83f8ae69-6f7e-4eab-ac9f-fb2e4bc3ed29	5124292e86fbf3eb902febb73f6d20925120ca1699cd3e811cb25faa9dc95534	kXejeYy2iMEXwHrOc2WDiBUFtaoNuD4vy_Gra-kgtPk	2026-02-18 22:42:03.247846+00:00	\N	2026-02-11 22:42:03.247719+00:00
8d029df7-e544-4a3d-a7da-6916000b2694	83f8ae69-6f7e-4eab-ac9f-fb2e4bc3ed29	7ab79641fec9d19aa02cdaee9780c1c4015b5d97c6c45114d789b956602d3a81	6b7iOILaJrxiLT4rOqepxXDK1hEywsLrbIiH0kui8lI	2026-02-18 22:56:34.579218+00:00	\N	2026-02-11 22:56:34.579398+00:00
2cb09d63-763e-40bf-af20-4974a2b4ebc0	83f8ae69-6f7e-4eab-ac9f-fb2e4bc3ed29	3e5124343e14d7f593a2bcf01825a0be722624fb8a7af4d94db7778f4c8f8a39	Y6qHhW56o8cAGxi2CVLJbRY7Xr5xkp0qX4EOZkcwfpg	2026-02-19 16:34:20.766788+00:00	\N	2026-02-12 16:34:20.767036+00:00
f8739a00-603e-4819-b0d8-409b54f1fe52	83f8ae69-6f7e-4eab-ac9f-fb2e4bc3ed29	874f28006b041debf153b77602c18698a28fafdd764f8a2dd7ca16c9651cf03b	H6RpRxLQPxR94FrnL1Qg9qVLehFAblBMT9xv4t8re7o	2026-02-19 16:34:54.492890+00:00	\N	2026-02-12 16:34:54.492962+00:00
c5bbe355-bcec-4a3d-9a1d-49fb5afbf0d1	83f8ae69-6f7e-4eab-ac9f-fb2e4bc3ed29	2b1c40fe571e66157fd7880b113d0b7dc8b322cbd00f766b16f12ef6fb7690bd	lPcwsXY-r6mMS6r_xS2coKA_xMjKIYoB5jj9DioDmgs	2026-02-19 16:35:26.593785+00:00	\N	2026-02-12 16:35:26.593777+00:00
4ab8d22b-34cf-4328-8782-4d3be77c3def	4267ecf6-d425-4d99-8544-5071886f64bd	75dd7858b9a8dfd25ad1be985a551b1ceaac216339dd81c96256f1295522e800	sRl8vg40KCd53XdaXgHHejqYS7nEkfjR8Mhg8GsX9ro	2026-02-19 16:35:35.429650+00:00	\N	2026-02-12 16:35:35.211891+00:00
50a52c2a-13cb-4d06-ad2d-2d5cb92b0a0b	83f8ae69-6f7e-4eab-ac9f-fb2e4bc3ed29	1770276adc55937767595596092d6177c9d07a950bf3fab124d96eb9d7dedd2c	p14xpzhik7_aHkWqw49yTWe5N1s5Q3kOa_hfynXpA_A	2026-02-19 16:35:47.658309+00:00	\N	2026-02-12 16:35:47.658196+00:00
dadfa4c4-c38b-403b-8833-b996f4548ccb	83f8ae69-6f7e-4eab-ac9f-fb2e4bc3ed29	9e29a9aeb214a694d891f36a9d29fbe685b8bff28243da832546c74b4e632c31	zYi-HNTLGZlyHQ4N9D0X9CW_VHqASbmHHgEl5R0RDW8	2026-02-19 16:48:57.103515+00:00	\N	2026-02-12 16:48:57.104066+00:00
a1953a88-4b1a-431b-a26e-eea0f9d907e7	83f8ae69-6f7e-4eab-ac9f-fb2e4bc3ed29	64a83b640514d77c9fe88ea34cb7c5807e16d328b2055662501898f78c509afa	fpk-bmWia3TvjI6p1uzKqTUlk_h_suC2AqHEBO2kJSs	2026-02-19 16:52:44.234668+00:00	\N	2026-02-12 16:52:44.234165+00:00
177b20f8-c416-43c0-b6b7-0306f6ab1a77	83f8ae69-6f7e-4eab-ac9f-fb2e4bc3ed29	3e82f11dfb227e6da09356e1d404e0dc4cac21e157d1f84e38ff2cc0f4eb2c1f	TwuN9qrow8_ICPyOmCuJ2tj6KlIynqbydQsyer1ckSo	2026-02-19 16:54:37.893191+00:00	\N	2026-02-12 16:54:37.909284+00:00
0b9c284f-74f5-4949-a4b0-a8c82ba592b8	83f8ae69-6f7e-4eab-ac9f-fb2e4bc3ed29	fa65d8365f1159bfbac7e91c987cf4f59191f7a17505a2612509a05147249fd3	NPQwcUcx5cr6Y2SvkRHc-WggJljsQKhB8-PAlP2Ef8Y	2026-02-19 17:00:19.347840+00:00	\N	2026-02-12 17:00:19.347969+00:00
354362c9-7e91-4014-8171-5fb0e4b59620	83f8ae69-6f7e-4eab-ac9f-fb2e4bc3ed29	8b94456a88b0204ed084a47cf223fef9fb96f7a7b38e4fbf76c60a8c2a8568a8	OIsKnCxsSuJVuAPwf0O7f32_E2mhLGN7c5dnLsEqn74	2026-02-19 18:54:07.441494+00:00	\N	2026-02-12 18:54:07.441654+00:00
e32deb95-7139-423f-a9a5-4edf9deebed7	83f8ae69-6f7e-4eab-ac9f-fb2e4bc3ed29	0a44536bdc4fb188b92556e15a359894fd5e74d3a27ca7f30f42af69016ce3a1	ZwI0AOjufxmG6S2VmxP35d3EJqXxQS0kqMtiR1N5Pr8	2026-02-19 19:44:09.828648+00:00	\N	2026-02-12 19:44:09.829167+00:00
cf070a01-047a-40b0-9b60-40fa52308220	83f8ae69-6f7e-4eab-ac9f-fb2e4bc3ed29	66b633fadc0217f31731201ca42ac96fb3359bf0dd7a2453caf49ea2769f974f	tLwwR-TRVRlB2BHyt02Y__7-M3ei3x2QWk8cr5dIz2Q	2026-02-19 19:44:14.090651+00:00	\N	2026-02-12 19:44:14.089783+00:00
44027b40-28ff-4b28-b99f-e252dea9667b	83f8ae69-6f7e-4eab-ac9f-fb2e4bc3ed29	ae21ffc2572cfd7728db07409d9e89fdd5327dd56fae4ce8680f0da4df3c1ea2	cGQ3zL6IwWY2MwetF1bxpv1Ue3_4WjoY6d46Wg_kSG8	2026-02-19 19:44:26.739335+00:00	\N	2026-02-12 19:44:26.738469+00:00
2a4fceb8-8c22-40d7-9e0b-53dc421c508c	83f8ae69-6f7e-4eab-ac9f-fb2e4bc3ed29	58ed6a9d45100f658b5c81ddd7b6c73f04abbb8bbf46ae19187fe5c4c5bba289	BujUiRrJ99Sl-YIFHnrdctDNPw7IFIFt9oW5Tvby5r0	2026-02-19 19:44:29.093995+00:00	\N	2026-02-12 19:44:29.093708+00:00
856f410a-dc1c-4efa-aaef-8215a8868813	83f8ae69-6f7e-4eab-ac9f-fb2e4bc3ed29	60c07ff86c2927dd5bbd26c838d743afd381d1468464d24ef2315a7caf3caa5e	0nW92TmlCesD5hQxf8LEIghPD4TXT-m-gu5p1YaM9X4	2026-02-19 19:44:33.595571+00:00	\N	2026-02-12 19:44:33.595081+00:00
2565f960-4f3f-4187-948e-861aabe4cc04	83f8ae69-6f7e-4eab-ac9f-fb2e4bc3ed29	5efeb0d9516917222a1a8bf58084d4629665ec718b220f78d5f23d51957a921e	I8QkryZjwXnUvIlNTdF-K22TGXAqZAKjrHaScuewYps	2026-02-19 19:45:04.124295+00:00	\N	2026-02-12 19:45:04.123770+00:00
dc1a9dc0-6010-4397-a33a-32229ca13600	83f8ae69-6f7e-4eab-ac9f-fb2e4bc3ed29	9d2acc0a6fa3d5bae6a33ee096dbd2a5fff55cf3197e6e8c0db4d911b30b6664	xAWY8Aa1ngtNH1mb0KgtIrRJLMlR8i_uthEeFg1y1x0	2026-02-19 19:45:36.258625+00:00	\N	2026-02-12 19:45:36.257819+00:00
32c50f5d-fc77-45d5-aa4d-3d903f8db459	247756ba-da2b-4238-ade9-25a41a61fbff	c018ee6adff0c6310b2280b31552e96f9b80084c00a66010ee129bac60341347	-VeMy4R-NOq7CECF_H7jPIvWQsgWw1hgwJqAhO0NFHc	2026-02-19 19:45:45.080525+00:00	\N	2026-02-12 19:45:44.856401+00:00
134b4adb-38c8-47c6-8733-9bda086b83c1	83f8ae69-6f7e-4eab-ac9f-fb2e4bc3ed29	d574ecca2ac168c273e4b6c9801091bb319c8c60bf4e2ae7a80e4cfb7d1db709	c06i6qsi8zoGw8FlG7BAdZ4ot_NpprNYxKUzjsIfmYo	2026-02-19 19:45:57.300585+00:00	\N	2026-02-12 19:45:57.299883+00:00
d47c1e7a-4081-47b0-aa1e-42add5669e98	83f8ae69-6f7e-4eab-ac9f-fb2e4bc3ed29	d64f7fb3fa2ed5ad6852b8f0b10747122f48549168c336380c252f60b603cfe1	j8tb3tWi4EjtbUKkGAgr_fqRvxluAUrp3S7FL_6M69w	2026-02-19 20:12:23.285077+00:00	\N	2026-02-12 20:12:23.286027+00:00
6f85f447-fe08-4bf7-ba08-72e2fc907288	83f8ae69-6f7e-4eab-ac9f-fb2e4bc3ed29	4ae6eed33adcd7ea1fa67265bcac2dc9f73f4ae335be108f84ea9a96f98517e8	xiDAcCmO07iYJZJxJGvZq9w2TYYRs-rqby_dXA6MlHs	2026-02-19 20:12:24.666033+00:00	\N	2026-02-12 20:12:24.666418+00:00
642279dc-81a7-4527-83e2-4f7503ae037c	83f8ae69-6f7e-4eab-ac9f-fb2e4bc3ed29	91941bf8a3879b4c2183493d51bfafa452987207d03752309dd390c3876f0014	WQJfkP86dfu-y9plM5MM5fFdewM_gZ8jZKk4xEXon7M	2026-02-19 20:12:27.934058+00:00	\N	2026-02-12 20:12:27.933890+00:00
f6567408-4f5e-4af9-b190-31dc2f5c740a	83f8ae69-6f7e-4eab-ac9f-fb2e4bc3ed29	80bc6b78f9391adaa97ab48a080e116b0c922ab0526490d8b94a23806737e22a	_rCVLwZDyd58ARB5sWl1IHENLADAz2w8d-wuocsVEcg	2026-02-19 20:12:29.381113+00:00	\N	2026-02-12 20:12:29.380992+00:00
fe09abb1-8020-403b-aa5b-5975f72aff10	83f8ae69-6f7e-4eab-ac9f-fb2e4bc3ed29	1b3bcf8db538def52e53c21cfa26e4bb2e7184c9c2f9495d075a88bad9ababb9	NRtmp_8k7nnQZp55Oa3oKDHxIzZc-UrRLvhr9dXRoqg	2026-02-19 20:12:31.329546+00:00	\N	2026-02-12 20:12:31.329365+00:00
df82c6af-08c1-4591-a62f-5bb0f3fce5ce	83f8ae69-6f7e-4eab-ac9f-fb2e4bc3ed29	50cb324c9379b8620e5e831183166c2d64b093b2705352ba393d0614094f3e0e	c7u5JsrSgYrh5FQY5sWbtlLsY5Sz9OUqcWwJFLSVepM	2026-02-19 20:12:34.986115+00:00	\N	2026-02-12 20:12:34.985977+00:00
1bde532b-8caa-4311-8d4b-be09a098961a	83f8ae69-6f7e-4eab-ac9f-fb2e4bc3ed29	98ea08cc476adf75810a335f2f32adb8fc7d708d2b7e55cd94bf497e54b998e0	x843E0EpCtFqxmLzHhzmuCLVuNucRz1GLfHXJXH1kxU	2026-02-19 20:12:55.214398+00:00	\N	2026-02-12 20:12:55.214409+00:00
73aa0d37-922f-45ea-a304-65a3d6b06ab6	83f8ae69-6f7e-4eab-ac9f-fb2e4bc3ed29	c5c8d0cc6e9416bc0b533466f439a42b051b44c4f42dff0d2db88a924ba649a7	lKl6ySt58m889s0Z1Kl6XaBtul1-nZmE2QVUvd4lvOk	2026-02-19 20:12:59.221237+00:00	\N	2026-02-12 20:12:59.216529+00:00
0e872a4c-8906-4c7f-9c47-470421bfa2b8	83f8ae69-6f7e-4eab-ac9f-fb2e4bc3ed29	74ca25cacb20bb31ac5fda2d2ea2efee9ed724a0bbd2b1e3cffe102fbf3e3892	vcOTsFp_cVAsVvEVEs-vS2GHKsN1pDGWsfcqP-yD7Vg	2026-02-19 20:20:53.426542+00:00	\N	2026-02-12 20:20:53.426884+00:00
3b49d44b-5a25-4160-80a0-bb82338f9392	83f8ae69-6f7e-4eab-ac9f-fb2e4bc3ed29	058b5c02a58ccb765a4bfb4f574bc7914f13b49f494dd5fe0f25d68f9eb0ed27	qxhb7R_9xi-5rJhH7ka580LFbA6R-q4aicnSVIJCHOw	2026-02-19 20:21:20.074782+00:00	\N	2026-02-12 20:21:20.073973+00:00
e4183686-7e29-4828-bb49-95cf31c9823c	83f8ae69-6f7e-4eab-ac9f-fb2e4bc3ed29	22cb2463e2abfaacdd38a23c2fbc05ca98b40ea1b3a13681e0fa25322071bc98	Ioijx-Q2bf_2XAEqnuRYbL17J7DJr2pHuRxhSDtrdIg	2026-02-19 20:28:20.761664+00:00	\N	2026-02-12 20:28:20.763194+00:00
139cb6e7-4250-46b5-ac80-6a04b0e97b46	83f8ae69-6f7e-4eab-ac9f-fb2e4bc3ed29	3237f9ef48dc5281e76c7a00f9afa60c96e5feec90c9ad008c9509641f115058	c6bSoLlTyn-cbYCRpVBnLlslxhf7oksejC0RSNXDrsw	2026-02-19 20:28:40.124727+00:00	\N	2026-02-12 20:28:40.124231+00:00
\.


-- Data for user_data.users
-- Rows: 15
COPY user_data.users (id, username, email, password_hash, phone_number, phone_verified, phone_verified_at, first_name, last_name, display_name, role, timezone, language, is_active, is_email_verified, email_verified_at, last_login_at, last_login_ip, failed_login_attempts, locked_until, created_at, updated_at, deleted_at, metadata) FROM stdin;
4d00332f-3b1c-43df-a2eb-7261b03cdd46	admin	admin@example.com	$2b$12$A8RJN2KD5vKXLwIsbnOpHeQpVX7Xvk0lMiYZikLZodpVD8pF9TWpS	\N	False	\N	\N	\N	\N	ADMIN	UTC	en	True	False	\N	2026-02-01 10:41:25.874895+00:00	\N	0	\N	2026-02-01 08:57:53.500053+00:00	2026-02-01 10:46:15.281584+00:00	2026-02-01 10:46:15.283743+00:00	{}
0ac33c65-e605-4deb-ba44-30d7d0c25693	gatea_user_1770842863515	gatea_1770842863515@example.com	$2b$12$LNEYkM6qKZl3OLvQNafy1u6VITfghkZQBD/XMRrY3hcrCw98QeprW	+972502863515	False	\N	\N	\N	\N	USER	UTC	en	True	False	\N	\N	\N	0	\N	2026-02-11 20:47:45.313387+00:00	2026-02-11 20:47:45.313387+00:00	\N	{}
3a0c3794-4e34-4c94-902c-a7c5751391aa	testuser_new	test_new@example.com	$2b$12$HJ8xa/3p4qBdeu26edx9m.XmeDhzqSjjCrupfcTbNp4cRR9Eo/Czu	+972509998887	False	\N	\N	\N	\N	USER	UTC	en	True	False	\N	2026-02-11 22:12:21.594136+00:00	\N	0	\N	2026-02-11 20:41:45.577733+00:00	2026-02-11 22:12:21.324596+00:00	\N	{}
602290f7-3663-4645-a389-f5cc36c7ae58	gatea_user_1770843182206	gatea_1770843182206@example.com	$2b$12$DCi1gcTKKkFNpD70XBcOkOP3U/Qz9/5pT13.66S6phtu2GlKsYZJC	+972503182206	False	\N	\N	\N	\N	USER	UTC	en	True	False	\N	\N	\N	0	\N	2026-02-11 20:53:03.928448+00:00	2026-02-11 20:53:03.928448+00:00	\N	{}
eae97375-013d-4a09-9a30-137142e8132e	hhh	jjj@ggg.com	$2b$12$fou7gMiP3tINDBFgbKaJo.B229KgZ/E1pge/Vbgljl0YTY/eKnfce	\N	False	\N	\N	\N	\N	USER	UTC	en	True	False	\N	\N	\N	0	\N	2026-02-11 19:51:22.814119+00:00	2026-02-11 19:51:22.814119+00:00	\N	{}
7e4bc83e-c738-4576-890e-5d69b9be5aec	gatea_user_1770848952139	gatea_1770848952139@example.com	$2b$12$2rZSKLbqc8bWuKTzL07fTO8SaVvjXxiFHXGKkH0dqhtDw/S0Upzti	+972508952139	False	\N	\N	\N	\N	USER	UTC	en	True	False	\N	\N	\N	0	\N	2026-02-11 22:29:13.857424+00:00	2026-02-11 22:29:13.857424+00:00	\N	{}
1cd35d53-aae1-4fde-a806-0b5e3cfe1c9d	gatea_user_1770843250111	gatea_1770843250111@example.com	$2b$12$1eZRgJO5qC.r6mEs/TL3qeuV3ZpkVq/uoguVsO8XlTIgt7AVSkoRu	+972503250111	False	\N	\N	\N	\N	USER	UTC	en	True	False	\N	\N	\N	0	\N	2026-02-11 20:54:11.845023+00:00	2026-02-11 20:54:11.845023+00:00	\N	{}
84947d95-e469-4576-adb4-ff6e96f0938c	gatea_user_1770843338523	gatea_1770843338523@example.com	$2b$12$D7ZUHNcL0chpWZznjTsNLuUyyOevCJU1lfwt4ekhvooJT/oou6wBi	+972503338523	False	\N	\N	\N	\N	USER	UTC	en	True	False	\N	\N	\N	0	\N	2026-02-11 20:55:40.256266+00:00	2026-02-11 20:55:40.256266+00:00	\N	{}
37a2ed71-0d38-42f1-821d-9b1ddc84cc69	testuser_final	test_final@example.com	$2b$12$SQYBzRs.3oVk9kPsSnZVGeb01xhIvOiGxBjg9N2t7UgU1dEbykRTe	+972501234568	False	\N	\N	\N	\N	USER	UTC	en	True	False	\N	\N	\N	0	\N	2026-02-11 20:43:58.774593+00:00	2026-02-11 20:43:58.774593+00:00	\N	{}
83f8ae69-6f7e-4eab-ac9f-fb2e4bc3ed29	TikTrackAdmin	nimrod@mezoo.co	$2b$12$2ZlMcAQvc63M5UudvUzUM.gYjOXCIGrRUwHQZ0BgWqcAP8an.qQtG	972547776770	False	\N	Nimrod	Mezoo	Test Update	SUPERADMIN	Asia/Jerusalem	he	True	True	2026-02-01 07:12:19.477839+00:00	2026-02-12 20:28:40.121559+00:00	\N	0	\N	2026-02-01 07:12:19.477839+00:00	2026-02-12 20:28:39.831747+00:00	\N	{}
783587a7-5a20-4ab5-85eb-857b57ab9511	nimrod_wald	waldnimrod@gmail.com	$2b$12$2ZlMcAQvc63M5UudvUzUM.gYjOXCIGrRUwHQZ0BgWqcAP8an.qQtG	\N	True	2026-02-01 10:46:14.997568+00:00	Nimrod	Wald	Nimrod Wald	ADMIN	UTC	en	True	True	2026-02-01 07:12:28.538741+00:00	2026-02-01 06:53:08.922881+00:00	\N	0	\N	2026-02-01 07:12:28.538741+00:00	2026-02-01 10:46:14.995504+00:00	\N	{}
a1ae2cec-e781-48f1-8d71-eb82571efaff	test_user	test_qa_1769933177@example.com	$2b$12$ZozrvQMmIgbOorYniUa7FeOHd81th9bbX6ZnM9ttRQg3pnmAnbW/6	+972501234567	False	\N	\N	\N	Test User	USER	UTC	en	True	False	\N	2026-02-01 18:43:13.935899+00:00	\N	0	\N	2026-02-01 08:06:17.982304+00:00	2026-02-01 18:43:13.681189+00:00	\N	{}
91c62cc4-bfe7-4f14-bdbf-94b40e66798e	gatea_user_1770843587932	gatea_1770843587932@example.com	$2b$12$HW/M3zVbJcj.8FKJZPLYYOyP4TbgbB3xq3nw3P3OnnmRtlEhYJEnm	+972503587932	False	\N	\N	\N	\N	USER	UTC	en	True	False	\N	\N	\N	0	\N	2026-02-11 20:59:49.652684+00:00	2026-02-11 20:59:49.652684+00:00	\N	{}
247756ba-da2b-4238-ade9-25a41a61fbff	gatea_user_1770925543088	gatea_1770925543088@example.com	$2b$12$IMUxOlwu9tSYrY1SZg6AZ.F7H8Eh9kV2OXwoJ7kZj4jm6sr36nvEK	+972505543088	False	\N	\N	\N	\N	USER	UTC	en	True	False	\N	\N	\N	0	\N	2026-02-12 19:45:44.856401+00:00	2026-02-12 19:45:44.856401+00:00	\N	{}
4267ecf6-d425-4d99-8544-5071886f64bd	gatea_user_1770914133456	gatea_1770914133456@example.com	$2b$12$Q89wClDg.IQSvQkAw4J8LeZ3cLHG4PQ2b4m1HSjp6doF84G7qLpcO	+972504133456	False	\N	\N	\N	\N	USER	UTC	en	True	False	\N	\N	\N	0	\N	2026-02-12 16:35:35.211891+00:00	2026-02-12 16:35:35.211891+00:00	\N	{}
\.

